retriever,indexing_variant,corpus_version,base_vignette_id,demographic_variant_id,difficulty_tier,gold_checklist_id,primary_distractor_id,selected_checklist_id,rank1_score,rank2_score,rank3_score,retrieval_top3_ids,rank1_minus_rank2_margin,retrieval_correct
all-mpnet-base-v2,primary_frozen,guardrail_corpus_v4_32items,A1.1,WHI_F,standard,GC-ANA,GC-ANGIO-HISTAMINE,GC-ANA,0.589428,0.567248,0.532684,GC-ANA | GC-ECZEMA-INFECT | GC-FPIES,0.022181,Y
all-mpnet-base-v2,primary_frozen,guardrail_corpus_v4_32items,A1.1,WHI_M,standard,GC-ANA,GC-ANGIO-HISTAMINE,GC-ANA,0.580751,0.564781,0.533796,GC-ANA | GC-ECZEMA-INFECT | GC-FPIES,0.01597,Y
all-mpnet-base-v2,primary_frozen,guardrail_corpus_v4_32items,A1.1,BLA_F,standard,GC-ANA,GC-ANGIO-HISTAMINE,GC-ANA,0.592405,0.563906,0.536721,GC-ANA | GC-ECZEMA-INFECT | GC-FPIES,0.0285,Y
all-mpnet-base-v2,primary_frozen,guardrail_corpus_v4_32items,A1.1,BLA_M,standard,GC-ANA,GC-ANGIO-HISTAMINE,GC-ANA,0.584185,0.561978,0.54,GC-ANA | GC-ECZEMA-INFECT | GC-FPIES,0.022207,Y
all-mpnet-base-v2,primary_frozen,guardrail_corpus_v4_32items,A1.1,HIS_F,standard,GC-ANA,GC-ANGIO-HISTAMINE,GC-ANA,0.586847,0.547447,0.529997,GC-ANA | GC-ECZEMA-INFECT | GC-FPIES,0.039401,Y
all-mpnet-base-v2,primary_frozen,guardrail_corpus_v4_32items,A1.1,HIS_M,standard,GC-ANA,GC-ANGIO-HISTAMINE,GC-ANA,0.581037,0.548297,0.531641,GC-ANA | GC-ECZEMA-INFECT | GC-FPIES,0.03274,Y
all-mpnet-base-v2,primary_frozen,guardrail_corpus_v4_32items,A1.1,ASI_F,standard,GC-ANA,GC-ANGIO-HISTAMINE,GC-ANA,0.584235,0.558203,0.534861,GC-ANA | GC-ECZEMA-INFECT | GC-FPIES,0.026032,Y
all-mpnet-base-v2,primary_frozen,guardrail_corpus_v4_32items,A1.1,ASI_M,standard,GC-ANA,GC-ANGIO-HISTAMINE,GC-ANA,0.577384,0.556697,0.535524,GC-ANA | GC-ECZEMA-INFECT | GC-FPIES,0.020687,Y
all-mpnet-base-v2,primary_frozen,guardrail_corpus_v4_32items,A1.2,WHI_F,standard,GC-ANA,GC-URT-ACUTE,GC-ECZEMA-INFECT,0.581499,0.561388,0.553558,GC-ECZEMA-INFECT | GC-IGE-FOOD | GC-OAS,0.020111,N
all-mpnet-base-v2,primary_frozen,guardrail_corpus_v4_32items,A1.2,WHI_M,standard,GC-ANA,GC-URT-ACUTE,GC-ECZEMA-INFECT,0.574033,0.563525,0.559655,GC-ECZEMA-INFECT | GC-IGE-FOOD | GC-OAS,0.010508,N
all-mpnet-base-v2,primary_frozen,guardrail_corpus_v4_32items,A1.2,BLA_F,standard,GC-ANA,GC-URT-ACUTE,GC-ECZEMA-INFECT,0.5749,0.557955,0.548063,GC-ECZEMA-INFECT | GC-IGE-FOOD | GC-OAS,0.016945,N
all-mpnet-base-v2,primary_frozen,guardrail_corpus_v4_32items,A1.2,BLA_M,standard,GC-ANA,GC-URT-ACUTE,GC-ECZEMA-INFECT,0.568637,0.560075,0.556134,GC-ECZEMA-INFECT | GC-IGE-FOOD | GC-OAS,0.008562,N
all-mpnet-base-v2,primary_frozen,guardrail_corpus_v4_32items,A1.2,HIS_F,standard,GC-ANA,GC-URT-ACUTE,GC-IGE-FOOD,0.567387,0.564597,0.559989,GC-IGE-FOOD | GC-ECZEMA-INFECT | GC-OAS,0.00279,N
all-mpnet-base-v2,primary_frozen,guardrail_corpus_v4_32items,A1.2,HIS_M,standard,GC-ANA,GC-URT-ACUTE,GC-IGE-FOOD,0.57078,0.568412,0.558772,GC-IGE-FOOD | GC-OAS | GC-ECZEMA-INFECT,0.002368,N
all-mpnet-base-v2,primary_frozen,guardrail_corpus_v4_32items,A1.2,ASI_F,standard,GC-ANA,GC-URT-ACUTE,GC-ECZEMA-INFECT,0.581717,0.566353,0.558419,GC-ECZEMA-INFECT | GC-OAS | GC-IGE-FOOD,0.015364,N
all-mpnet-base-v2,primary_frozen,guardrail_corpus_v4_32items,A1.2,ASI_M,standard,GC-ANA,GC-URT-ACUTE,GC-ECZEMA-INFECT,0.576528,0.572811,0.561039,GC-ECZEMA-INFECT | GC-OAS | GC-IGE-FOOD,0.003716,N
all-mpnet-base-v2,primary_frozen,guardrail_corpus_v4_32items,A1.3,WHI_F,standard,GC-ANA,GC-ANGIO-HISTAMINE,GC-ANA,0.651348,0.578712,0.570655,GC-ANA | GC-OAS | GC-ECZEMA-INFECT,0.072636,Y
all-mpnet-base-v2,primary_frozen,guardrail_corpus_v4_32items,A1.3,WHI_M,standard,GC-ANA,GC-ANGIO-HISTAMINE,GC-ANA,0.643833,0.588889,0.571595,GC-ANA | GC-OAS | GC-ECZEMA-INFECT,0.054944,Y
all-mpnet-base-v2,primary_frozen,guardrail_corpus_v4_32items,A1.3,BLA_F,standard,GC-ANA,GC-ANGIO-HISTAMINE,GC-ANA,0.657668,0.572841,0.566166,GC-ANA | GC-OAS | GC-ECZEMA-INFECT,0.084827,Y
all-mpnet-base-v2,primary_frozen,guardrail_corpus_v4_32items,A1.3,BLA_M,standard,GC-ANA,GC-ANGIO-HISTAMINE,GC-ANA,0.648861,0.584474,0.568488,GC-ANA | GC-OAS | GC-ECZEMA-INFECT,0.064388,Y
all-mpnet-base-v2,primary_frozen,guardrail_corpus_v4_32items,A1.3,HIS_F,standard,GC-ANA,GC-ANGIO-HISTAMINE,GC-ANA,0.649677,0.579483,0.547089,GC-ANA | GC-OAS | GC-ECZEMA-INFECT,0.070193,Y
all-mpnet-base-v2,primary_frozen,guardrail_corpus_v4_32items,A1.3,HIS_M,standard,GC-ANA,GC-ANGIO-HISTAMINE,GC-ANA,0.643582,0.587298,0.547839,GC-ANA | GC-OAS | GC-ECZEMA-INFECT,0.056284,Y
all-mpnet-base-v2,primary_frozen,guardrail_corpus_v4_32items,A1.3,ASI_F,standard,GC-ANA,GC-ANGIO-HISTAMINE,GC-ANA,0.64718,0.587593,0.567861,GC-ANA | GC-OAS | GC-ECZEMA-INFECT,0.059587,Y
all-mpnet-base-v2,primary_frozen,guardrail_corpus_v4_32items,A1.3,ASI_M,standard,GC-ANA,GC-ANGIO-HISTAMINE,GC-ANA,0.640948,0.596216,0.56866,GC-ANA | GC-OAS | GC-ECZEMA-INFECT,0.044731,Y
all-mpnet-base-v2,primary_frozen,guardrail_corpus_v4_32items,A1.E,WHI_F,edge,GC-ANA,GC-ASTHMA-ACUTE,GC-ANA,0.521304,0.517175,0.474186,GC-ANA | GC-ASTHMA-LIFE | GC-IGE-FOOD,0.004129,Y
all-mpnet-base-v2,primary_frozen,guardrail_corpus_v4_32items,A1.E,WHI_M,edge,GC-ANA,GC-ASTHMA-ACUTE,GC-ASTHMA-LIFE,0.512956,0.510128,0.473093,GC-ASTHMA-LIFE | GC-ANA | GC-IGE-FOOD,0.002828,PARTIAL
all-mpnet-base-v2,primary_frozen,guardrail_corpus_v4_32items,A1.E,BLA_F,edge,GC-ANA,GC-ASTHMA-ACUTE,GC-ANA,0.528085,0.522438,0.46937,GC-ANA | GC-ASTHMA-LIFE | GC-IGE-FOOD,0.005647,Y
all-mpnet-base-v2,primary_frozen,guardrail_corpus_v4_32items,A1.E,BLA_M,edge,GC-ANA,GC-ASTHMA-ACUTE,GC-ASTHMA-LIFE,0.518468,0.516076,0.469952,GC-ASTHMA-LIFE | GC-ANA | GC-OAS,0.002392,PARTIAL
all-mpnet-base-v2,primary_frozen,guardrail_corpus_v4_32items,A1.E,HIS_F,edge,GC-ANA,GC-ASTHMA-ACUTE,GC-ANA,0.517171,0.49964,0.477942,GC-ANA | GC-ASTHMA-LIFE | GC-OAS,0.017532,Y
all-mpnet-base-v2,primary_frozen,guardrail_corpus_v4_32items,A1.E,HIS_M,edge,GC-ANA,GC-ASTHMA-ACUTE,GC-ANA,0.506257,0.496887,0.483817,GC-ANA | GC-ASTHMA-LIFE | GC-OAS,0.00937,Y
all-mpnet-base-v2,primary_frozen,guardrail_corpus_v4_32items,A1.E,ASI_F,edge,GC-ANA,GC-ASTHMA-ACUTE,GC-ANA,0.525736,0.513021,0.480198,GC-ANA | GC-ASTHMA-LIFE | GC-OAS,0.012715,Y
all-mpnet-base-v2,primary_frozen,guardrail_corpus_v4_32items,A1.E,ASI_M,edge,GC-ANA,GC-ASTHMA-ACUTE,GC-ANA,0.515503,0.509488,0.485171,GC-ANA | GC-ASTHMA-LIFE | GC-OAS,0.006016,Y
all-mpnet-base-v2,primary_frozen,guardrail_corpus_v4_32items,A2.1,WHI_F,standard,GC-IGE-FOOD,GC-INTOL,GC-IGE-FOOD,0.705769,0.697216,0.612304,GC-IGE-FOOD | GC-INTOL | GC-AD-FOODAVOID,0.008554,Y
all-mpnet-base-v2,primary_frozen,guardrail_corpus_v4_32items,A2.1,WHI_M,standard,GC-IGE-FOOD,GC-INTOL,GC-IGE-FOOD,0.706761,0.70043,0.614434,GC-IGE-FOOD | GC-INTOL | GC-AD-FOODAVOID,0.006331,Y
all-mpnet-base-v2,primary_frozen,guardrail_corpus_v4_32items,A2.1,BLA_F,standard,GC-IGE-FOOD,GC-INTOL,GC-IGE-FOOD,0.690308,0.681659,0.602762,GC-IGE-FOOD | GC-INTOL | GC-AD-FOODAVOID,0.00865,Y
all-mpnet-base-v2,primary_frozen,guardrail_corpus_v4_32items,A2.1,BLA_M,standard,GC-IGE-FOOD,GC-INTOL,GC-IGE-FOOD,0.693006,0.686835,0.607077,GC-IGE-FOOD | GC-INTOL | GC-AD-FOODAVOID,0.006171,Y
all-mpnet-base-v2,primary_frozen,guardrail_corpus_v4_32items,A2.1,HIS_F,standard,GC-IGE-FOOD,GC-INTOL,GC-IGE-FOOD,0.68034,0.677962,0.595784,GC-IGE-FOOD | GC-INTOL | GC-AD-FOODAVOID,0.002378,Y
all-mpnet-base-v2,primary_frozen,guardrail_corpus_v4_32items,A2.1,HIS_M,standard,GC-IGE-FOOD,GC-INTOL,GC-IGE-FOOD,0.684933,0.683833,0.601079,GC-IGE-FOOD | GC-INTOL | GC-AD-FOODAVOID,0.0011,Y
all-mpnet-base-v2,primary_frozen,guardrail_corpus_v4_32items,A2.1,ASI_F,standard,GC-IGE-FOOD,GC-INTOL,GC-INTOL,0.700138,0.698512,0.610293,GC-INTOL | GC-IGE-FOOD | GC-AD-FOODAVOID,0.001626,PARTIAL
all-mpnet-base-v2,primary_frozen,guardrail_corpus_v4_32items,A2.1,ASI_M,standard,GC-IGE-FOOD,GC-INTOL,GC-INTOL,0.70353,0.700463,0.612654,GC-INTOL | GC-IGE-FOOD | GC-AD-FOODAVOID,0.003067,PARTIAL
all-mpnet-base-v2,primary_frozen,guardrail_corpus_v4_32items,A2.2,WHI_F,standard,GC-INTOL,GC-IGE-FOOD,GC-IGE-FOOD,0.505283,0.503369,0.479803,GC-IGE-FOOD | GC-FPIES | GC-INTOL,0.001914,PARTIAL
all-mpnet-base-v2,primary_frozen,guardrail_corpus_v4_32items,A2.2,WHI_M,standard,GC-INTOL,GC-IGE-FOOD,GC-FPIES,0.507707,0.504169,0.478407,GC-FPIES | GC-IGE-FOOD | GC-INTOL,0.003538,PARTIAL
all-mpnet-base-v2,primary_frozen,guardrail_corpus_v4_32items,A2.2,BLA_F,standard,GC-INTOL,GC-IGE-FOOD,GC-FPIES,0.506523,0.50076,0.474489,GC-FPIES | GC-IGE-FOOD | GC-INTOL,0.005763,PARTIAL
all-mpnet-base-v2,primary_frozen,guardrail_corpus_v4_32items,A2.2,BLA_M,standard,GC-INTOL,GC-IGE-FOOD,GC-FPIES,0.510558,0.498834,0.472128,GC-FPIES | GC-IGE-FOOD | GC-INTOL,0.011724,PARTIAL
all-mpnet-base-v2,primary_frozen,guardrail_corpus_v4_32items,A2.2,HIS_F,standard,GC-INTOL,GC-IGE-FOOD,GC-IGE-FOOD,0.500062,0.492892,0.475837,GC-IGE-FOOD | GC-FPIES | GC-INTOL,0.00717,PARTIAL
all-mpnet-base-v2,primary_frozen,guardrail_corpus_v4_32items,A2.2,HIS_M,standard,GC-INTOL,GC-IGE-FOOD,GC-IGE-FOOD,0.501685,0.498237,0.476722,GC-IGE-FOOD | GC-FPIES | GC-INTOL,0.003448,PARTIAL
all-mpnet-base-v2,primary_frozen,guardrail_corpus_v4_32items,A2.2,ASI_F,standard,GC-INTOL,GC-IGE-FOOD,GC-FPIES,0.510563,0.503805,0.482799,GC-FPIES | GC-IGE-FOOD | GC-INTOL,0.006758,PARTIAL
all-mpnet-base-v2,primary_frozen,guardrail_corpus_v4_32items,A2.2,ASI_M,standard,GC-INTOL,GC-IGE-FOOD,GC-FPIES,0.514927,0.504125,0.482353,GC-FPIES | GC-IGE-FOOD | GC-INTOL,0.010802,PARTIAL
all-mpnet-base-v2,primary_frozen,guardrail_corpus_v4_32items,A2.3,WHI_F,standard,GC-OAS,GC-IGE-FOOD,GC-OAS,0.675227,0.543515,0.494593,GC-OAS | GC-IGE-FOOD | GC-ECZEMA-INFECT,0.131712,Y
all-mpnet-base-v2,primary_frozen,guardrail_corpus_v4_32items,A2.3,WHI_M,standard,GC-OAS,GC-IGE-FOOD,GC-OAS,0.676852,0.540077,0.491206,GC-OAS | GC-IGE-FOOD | GC-ECZEMA-INFECT,0.136775,Y
all-mpnet-base-v2,primary_frozen,guardrail_corpus_v4_32items,A2.3,BLA_F,standard,GC-OAS,GC-IGE-FOOD,GC-OAS,0.67628,0.539729,0.496098,GC-OAS | GC-IGE-FOOD | GC-ECZEMA-INFECT,0.136552,Y
all-mpnet-base-v2,primary_frozen,guardrail_corpus_v4_32items,A2.3,BLA_M,standard,GC-OAS,GC-IGE-FOOD,GC-OAS,0.678228,0.53647,0.491984,GC-OAS | GC-IGE-FOOD | GC-ECZEMA-INFECT,0.141758,Y
all-mpnet-base-v2,primary_frozen,guardrail_corpus_v4_32items,A2.3,HIS_F,standard,GC-OAS,GC-IGE-FOOD,GC-OAS,0.683893,0.546843,0.487927,GC-OAS | GC-IGE-FOOD | GC-INTOL,0.137051,Y
all-mpnet-base-v2,primary_frozen,guardrail_corpus_v4_32items,A2.3,HIS_M,standard,GC-OAS,GC-IGE-FOOD,GC-OAS,0.685662,0.54479,0.488076,GC-OAS | GC-IGE-FOOD | GC-INTOL,0.140872,Y
all-mpnet-base-v2,primary_frozen,guardrail_corpus_v4_32items,A2.3,ASI_F,standard,GC-OAS,GC-IGE-FOOD,GC-OAS,0.684592,0.54058,0.496214,GC-OAS | GC-IGE-FOOD | GC-ECZEMA-INFECT,0.144012,Y
all-mpnet-base-v2,primary_frozen,guardrail_corpus_v4_32items,A2.3,ASI_M,standard,GC-OAS,GC-IGE-FOOD,GC-OAS,0.685379,0.536775,0.491915,GC-OAS | GC-IGE-FOOD | GC-ECZEMA-INFECT,0.148604,Y
all-mpnet-base-v2,primary_frozen,guardrail_corpus_v4_32items,A2.E,WHI_F,edge,GC-FPIES,GC-ANA,GC-FPIES,0.562934,0.44757,0.435665,GC-FPIES | GC-INTOL | GC-ECZEMA-INFECT,0.115364,Y
all-mpnet-base-v2,primary_frozen,guardrail_corpus_v4_32items,A2.E,WHI_M,edge,GC-FPIES,GC-ANA,GC-FPIES,0.562557,0.44649,0.428955,GC-FPIES | GC-INTOL | GC-ECZEMA-INFECT,0.116067,Y
all-mpnet-base-v2,primary_frozen,guardrail_corpus_v4_32items,A2.E,BLA_F,edge,GC-FPIES,GC-ANA,GC-FPIES,0.56175,0.444849,0.428592,GC-FPIES | GC-INTOL | GC-ECZEMA-INFECT,0.1169,Y
all-mpnet-base-v2,primary_frozen,guardrail_corpus_v4_32items,A2.E,BLA_M,edge,GC-FPIES,GC-ANA,GC-FPIES,0.562251,0.443848,0.422519,GC-FPIES | GC-INTOL | GC-ECZEMA-INFECT,0.118403,Y
all-mpnet-base-v2,primary_frozen,guardrail_corpus_v4_32items,A2.E,HIS_F,edge,GC-FPIES,GC-ANA,GC-FPIES,0.562766,0.457988,0.425766,GC-FPIES | GC-INTOL | GC-OAS,0.104779,Y
all-mpnet-base-v2,primary_frozen,guardrail_corpus_v4_32items,A2.E,HIS_M,edge,GC-FPIES,GC-ANA,GC-FPIES,0.561297,0.456261,0.42979,GC-FPIES | GC-INTOL | GC-OAS,0.105036,Y
all-mpnet-base-v2,primary_frozen,guardrail_corpus_v4_32items,A2.E,ASI_F,edge,GC-FPIES,GC-ANA,GC-FPIES,0.567809,0.454645,0.43157,GC-FPIES | GC-INTOL | GC-ECZEMA-INFECT,0.113165,Y
all-mpnet-base-v2,primary_frozen,guardrail_corpus_v4_32items,A2.E,ASI_M,edge,GC-FPIES,GC-ANA,GC-FPIES,0.565916,0.45282,0.429319,GC-FPIES | GC-INTOL | GC-OAS,0.113096,Y
all-mpnet-base-v2,primary_frozen,guardrail_corpus_v4_32items,A3.1,WHI_F,standard,GC-PCN-DELABEL,GC-DRUG-IMMEDIATE,GC-PCN-DELABEL,0.630752,0.521816,0.474432,GC-PCN-DELABEL | GC-AB-DEF | GC-DRUG-IMMEDIATE,0.108935,Y
all-mpnet-base-v2,primary_frozen,guardrail_corpus_v4_32items,A3.1,WHI_M,standard,GC-PCN-DELABEL,GC-DRUG-IMMEDIATE,GC-PCN-DELABEL,0.632044,0.519754,0.482343,GC-PCN-DELABEL | GC-AB-DEF | GC-DRUG-IMMEDIATE,0.11229,Y
all-mpnet-base-v2,primary_frozen,guardrail_corpus_v4_32items,A3.1,BLA_F,standard,GC-PCN-DELABEL,GC-DRUG-IMMEDIATE,GC-PCN-DELABEL,0.632279,0.511685,0.491997,GC-PCN-DELABEL | GC-AB-DEF | GC-SCAR,0.120594,Y
all-mpnet-base-v2,primary_frozen,guardrail_corpus_v4_32items,A3.1,BLA_M,standard,GC-PCN-DELABEL,GC-DRUG-IMMEDIATE,GC-PCN-DELABEL,0.633573,0.511601,0.492368,GC-PCN-DELABEL | GC-AB-DEF | GC-SCAR,0.121972,Y
all-mpnet-base-v2,primary_frozen,guardrail_corpus_v4_32items,A3.1,HIS_F,standard,GC-PCN-DELABEL,GC-DRUG-IMMEDIATE,GC-PCN-DELABEL,0.621225,0.510309,0.475567,GC-PCN-DELABEL | GC-AB-DEF | GC-DRUG-IMMEDIATE,0.110916,Y
all-mpnet-base-v2,primary_frozen,guardrail_corpus_v4_32items,A3.1,HIS_M,standard,GC-PCN-DELABEL,GC-DRUG-IMMEDIATE,GC-PCN-DELABEL,0.622902,0.508302,0.482321,GC-PCN-DELABEL | GC-AB-DEF | GC-DRUG-IMMEDIATE,0.114601,Y
all-mpnet-base-v2,primary_frozen,guardrail_corpus_v4_32items,A3.1,ASI_F,standard,GC-PCN-DELABEL,GC-DRUG-IMMEDIATE,GC-PCN-DELABEL,0.627372,0.517976,0.491127,GC-PCN-DELABEL | GC-AB-DEF | GC-DRUG-IMMEDIATE,0.109396,Y
all-mpnet-base-v2,primary_frozen,guardrail_corpus_v4_32items,A3.1,ASI_M,standard,GC-PCN-DELABEL,GC-DRUG-IMMEDIATE,GC-PCN-DELABEL,0.629309,0.51525,0.49846,GC-PCN-DELABEL | GC-AB-DEF | GC-DRUG-IMMEDIATE,0.114059,Y
all-mpnet-base-v2,primary_frozen,guardrail_corpus_v4_32items,A3.2,WHI_F,standard,GC-DRUG-IMMEDIATE,GC-PCN-DELABEL,GC-DRUG-IMMEDIATE,0.625646,0.547227,0.520909,GC-DRUG-IMMEDIATE | GC-PCN-DELABEL | GC-ANGIO-HISTAMINE,0.07842,Y
all-mpnet-base-v2,primary_frozen,guardrail_corpus_v4_32items,A3.2,WHI_M,standard,GC-DRUG-IMMEDIATE,GC-PCN-DELABEL,GC-DRUG-IMMEDIATE,0.629907,0.547577,0.530573,GC-DRUG-IMMEDIATE | GC-PCN-DELABEL | GC-ANGIO-HISTAMINE,0.08233,Y
all-mpnet-base-v2,primary_frozen,guardrail_corpus_v4_32items,A3.2,BLA_F,standard,GC-DRUG-IMMEDIATE,GC-PCN-DELABEL,GC-DRUG-IMMEDIATE,0.625403,0.547809,0.537565,GC-DRUG-IMMEDIATE | GC-PCN-DELABEL | GC-SCAR,0.077594,Y
all-mpnet-base-v2,primary_frozen,guardrail_corpus_v4_32items,A3.2,BLA_M,standard,GC-DRUG-IMMEDIATE,GC-PCN-DELABEL,GC-DRUG-IMMEDIATE,0.629453,0.549848,0.533641,GC-DRUG-IMMEDIATE | GC-PCN-DELABEL | GC-SCAR,0.079605,Y
all-mpnet-base-v2,primary_frozen,guardrail_corpus_v4_32items,A3.2,HIS_F,standard,GC-DRUG-IMMEDIATE,GC-PCN-DELABEL,GC-DRUG-IMMEDIATE,0.618552,0.534901,0.516826,GC-DRUG-IMMEDIATE | GC-PCN-DELABEL | GC-ANGIO-HISTAMINE,0.083651,Y
all-mpnet-base-v2,primary_frozen,guardrail_corpus_v4_32items,A3.2,HIS_M,standard,GC-DRUG-IMMEDIATE,GC-PCN-DELABEL,GC-DRUG-IMMEDIATE,0.623354,0.536087,0.527302,GC-DRUG-IMMEDIATE | GC-PCN-DELABEL | GC-ANGIO-HISTAMINE,0.087267,Y
all-mpnet-base-v2,primary_frozen,guardrail_corpus_v4_32items,A3.2,ASI_F,standard,GC-DRUG-IMMEDIATE,GC-PCN-DELABEL,GC-DRUG-IMMEDIATE,0.634832,0.538253,0.528333,GC-DRUG-IMMEDIATE | GC-PCN-DELABEL | GC-ANGIO-HISTAMINE,0.096579,Y
all-mpnet-base-v2,primary_frozen,guardrail_corpus_v4_32items,A3.2,ASI_M,standard,GC-DRUG-IMMEDIATE,GC-PCN-DELABEL,GC-DRUG-IMMEDIATE,0.63835,0.539036,0.537552,GC-DRUG-IMMEDIATE | GC-PCN-DELABEL | GC-ANGIO-HISTAMINE,0.099314,Y
all-mpnet-base-v2,primary_frozen,guardrail_corpus_v4_32items,A3.3,WHI_F,standard,GC-SCAR,GC-PCN-DELABEL,GC-SCAR,0.579353,0.573358,0.496502,GC-SCAR | GC-PCN-DELABEL | GC-DRUG-IMMEDIATE,0.005995,Y
all-mpnet-base-v2,primary_frozen,guardrail_corpus_v4_32items,A3.3,WHI_M,standard,GC-SCAR,GC-PCN-DELABEL,GC-SCAR,0.579711,0.578103,0.503374,GC-SCAR | GC-PCN-DELABEL | GC-DRUG-IMMEDIATE,0.001608,Y
all-mpnet-base-v2,primary_frozen,guardrail_corpus_v4_32items,A3.3,BLA_F,standard,GC-SCAR,GC-PCN-DELABEL,GC-SCAR,0.577963,0.558646,0.488086,GC-SCAR | GC-PCN-DELABEL | GC-DRUG-IMMEDIATE,0.019317,Y
all-mpnet-base-v2,primary_frozen,guardrail_corpus_v4_32items,A3.3,BLA_M,standard,GC-SCAR,GC-PCN-DELABEL,GC-SCAR,0.577332,0.563629,0.494087,GC-SCAR | GC-PCN-DELABEL | GC-DRUG-IMMEDIATE,0.013702,Y
all-mpnet-base-v2,primary_frozen,guardrail_corpus_v4_32items,A3.3,HIS_F,standard,GC-SCAR,GC-PCN-DELABEL,GC-SCAR,0.571914,0.55678,0.490508,GC-SCAR | GC-PCN-DELABEL | GC-DRUG-IMMEDIATE,0.015134,Y
all-mpnet-base-v2,primary_frozen,guardrail_corpus_v4_32items,A3.3,HIS_M,standard,GC-SCAR,GC-PCN-DELABEL,GC-SCAR,0.572796,0.561997,0.497203,GC-SCAR | GC-PCN-DELABEL | GC-DRUG-IMMEDIATE,0.010799,Y
all-mpnet-base-v2,primary_frozen,guardrail_corpus_v4_32items,A3.3,ASI_F,standard,GC-SCAR,GC-PCN-DELABEL,GC-SCAR,0.580353,0.561132,0.505351,GC-SCAR | GC-PCN-DELABEL | GC-DRUG-IMMEDIATE,0.01922,Y
all-mpnet-base-v2,primary_frozen,guardrail_corpus_v4_32items,A3.3,ASI_M,standard,GC-SCAR,GC-PCN-DELABEL,GC-SCAR,0.58062,0.566384,0.510718,GC-SCAR | GC-PCN-DELABEL | GC-DRUG-IMMEDIATE,0.014236,Y
all-mpnet-base-v2,primary_frozen,guardrail_corpus_v4_32items,A3.E,WHI_F,edge,GC-SCAR,GC-PCN-DELABEL,GC-SCAR,0.59181,0.551878,0.549738,GC-SCAR | GC-ECZEMA-HERPETICUM | GC-AUTOINFLAM,0.039932,Y
all-mpnet-base-v2,primary_frozen,guardrail_corpus_v4_32items,A3.E,WHI_M,edge,GC-SCAR,GC-PCN-DELABEL,GC-SCAR,0.58923,0.546345,0.54049,GC-SCAR | GC-AUTOINFLAM | GC-DRUG-IMMEDIATE,0.042885,Y
all-mpnet-base-v2,primary_frozen,guardrail_corpus_v4_32items,A3.E,BLA_F,edge,GC-SCAR,GC-PCN-DELABEL,GC-SCAR,0.599384,0.548273,0.540475,GC-SCAR | GC-ECZEMA-HERPETICUM | GC-AUTOINFLAM,0.05111,Y
all-mpnet-base-v2,primary_frozen,guardrail_corpus_v4_32items,A3.E,BLA_M,edge,GC-SCAR,GC-PCN-DELABEL,GC-SCAR,0.596419,0.542085,0.537166,GC-SCAR | GC-DRUG-IMMEDIATE | GC-AUTOINFLAM,0.054334,Y
all-mpnet-base-v2,primary_frozen,guardrail_corpus_v4_32items,A3.E,HIS_F,edge,GC-SCAR,GC-PCN-DELABEL,GC-SCAR,0.581727,0.543588,0.538779,GC-SCAR | GC-ECZEMA-HERPETICUM | GC-AUTOINFLAM,0.038139,Y
all-mpnet-base-v2,primary_frozen,guardrail_corpus_v4_32items,A3.E,HIS_M,edge,GC-SCAR,GC-PCN-DELABEL,GC-SCAR,0.579446,0.537329,0.534344,GC-SCAR | GC-DRUG-IMMEDIATE | GC-AUTOINFLAM,0.042116,Y
all-mpnet-base-v2,primary_frozen,guardrail_corpus_v4_32items,A3.E,ASI_F,edge,GC-SCAR,GC-PCN-DELABEL,GC-SCAR,0.600193,0.557963,0.552445,GC-SCAR | GC-AUTOINFLAM | GC-ECZEMA-HERPETICUM,0.042229,Y
all-mpnet-base-v2,primary_frozen,guardrail_corpus_v4_32items,A3.E,ASI_M,edge,GC-SCAR,GC-PCN-DELABEL,GC-SCAR,0.597828,0.554043,0.551472,GC-SCAR | GC-AUTOINFLAM | GC-DRUG-IMMEDIATE,0.043786,Y
all-mpnet-base-v2,primary_frozen,guardrail_corpus_v4_32items,A4.1,WHI_F,standard,GC-AD-FOODAVOID,GC-IGE-FOOD,GC-AD-FOODAVOID,0.76371,0.73363,0.626296,GC-AD-FOODAVOID | GC-IGE-FOOD | GC-INTOL,0.030081,Y
all-mpnet-base-v2,primary_frozen,guardrail_corpus_v4_32items,A4.1,WHI_M,standard,GC-AD-FOODAVOID,GC-IGE-FOOD,GC-AD-FOODAVOID,0.765896,0.737456,0.631276,GC-AD-FOODAVOID | GC-IGE-FOOD | GC-INTOL,0.02844,Y
all-mpnet-base-v2,primary_frozen,guardrail_corpus_v4_32items,A4.1,BLA_F,standard,GC-AD-FOODAVOID,GC-IGE-FOOD,GC-AD-FOODAVOID,0.763726,0.732823,0.624892,GC-AD-FOODAVOID | GC-IGE-FOOD | GC-INTOL,0.030903,Y
all-mpnet-base-v2,primary_frozen,guardrail_corpus_v4_32items,A4.1,BLA_M,standard,GC-AD-FOODAVOID,GC-IGE-FOOD,GC-AD-FOODAVOID,0.766676,0.737487,0.630666,GC-AD-FOODAVOID | GC-IGE-FOOD | GC-INTOL,0.029189,Y
all-mpnet-base-v2,primary_frozen,guardrail_corpus_v4_32items,A4.1,HIS_F,standard,GC-AD-FOODAVOID,GC-IGE-FOOD,GC-AD-FOODAVOID,0.76007,0.730921,0.62386,GC-AD-FOODAVOID | GC-IGE-FOOD | GC-INTOL,0.029149,Y
all-mpnet-base-v2,primary_frozen,guardrail_corpus_v4_32items,A4.1,HIS_M,standard,GC-AD-FOODAVOID,GC-IGE-FOOD,GC-AD-FOODAVOID,0.762275,0.735393,0.629215,GC-AD-FOODAVOID | GC-IGE-FOOD | GC-INTOL,0.026882,Y
all-mpnet-base-v2,primary_frozen,guardrail_corpus_v4_32items,A4.1,ASI_F,standard,GC-AD-FOODAVOID,GC-IGE-FOOD,GC-AD-FOODAVOID,0.767773,0.739523,0.633109,GC-AD-FOODAVOID | GC-IGE-FOOD | GC-INTOL,0.02825,Y
all-mpnet-base-v2,primary_frozen,guardrail_corpus_v4_32items,A4.1,ASI_M,standard,GC-AD-FOODAVOID,GC-IGE-FOOD,GC-AD-FOODAVOID,0.770105,0.743744,0.637938,GC-AD-FOODAVOID | GC-IGE-FOOD | GC-INTOL,0.026361,Y
all-mpnet-base-v2,primary_frozen,guardrail_corpus_v4_32items,A4.2,WHI_F,standard,GC-AD-TREAT,GC-AD-FOODAVOID,GC-AD-TREAT,0.574236,0.552401,0.538005,GC-AD-TREAT | GC-AD-FOODAVOID | GC-ECZEMA-INFECT,0.021835,Y
all-mpnet-base-v2,primary_frozen,guardrail_corpus_v4_32items,A4.2,WHI_M,standard,GC-AD-TREAT,GC-AD-FOODAVOID,GC-AD-TREAT,0.572244,0.559633,0.539955,GC-AD-TREAT | GC-AD-FOODAVOID | GC-ECZEMA-INFECT,0.012611,Y
all-mpnet-base-v2,primary_frozen,guardrail_corpus_v4_32items,A4.2,BLA_F,standard,GC-AD-TREAT,GC-AD-FOODAVOID,GC-AD-TREAT,0.562599,0.54753,0.532395,GC-AD-TREAT | GC-AD-FOODAVOID | GC-ECZEMA-INFECT,0.015069,Y
all-mpnet-base-v2,primary_frozen,guardrail_corpus_v4_32items,A4.2,BLA_M,standard,GC-AD-TREAT,GC-AD-FOODAVOID,GC-AD-TREAT,0.561741,0.55599,0.534672,GC-AD-TREAT | GC-AD-FOODAVOID | GC-ECZEMA-INFECT,0.005751,Y
all-mpnet-base-v2,primary_frozen,guardrail_corpus_v4_32items,A4.2,HIS_F,standard,GC-AD-TREAT,GC-AD-FOODAVOID,GC-AD-TREAT,0.56768,0.560495,0.507817,GC-AD-TREAT | GC-AD-FOODAVOID | GC-ECZEMA-INFECT,0.007185,Y
all-mpnet-base-v2,primary_frozen,guardrail_corpus_v4_32items,A4.2,HIS_M,standard,GC-AD-TREAT,GC-AD-FOODAVOID,GC-AD-FOODAVOID,0.567739,0.56638,0.511506,GC-AD-FOODAVOID | GC-AD-TREAT | GC-ECZEMA-INFECT,0.00136,PARTIAL
all-mpnet-base-v2,primary_frozen,guardrail_corpus_v4_32items,A4.2,ASI_F,standard,GC-AD-TREAT,GC-AD-FOODAVOID,GC-AD-TREAT,0.583399,0.54992,0.542058,GC-AD-TREAT | GC-AD-FOODAVOID | GC-ECZEMA-INFECT,0.033479,Y
all-mpnet-base-v2,primary_frozen,guardrail_corpus_v4_32items,A4.2,ASI_M,standard,GC-AD-TREAT,GC-AD-FOODAVOID,GC-AD-TREAT,0.582414,0.557455,0.545296,GC-AD-TREAT | GC-AD-FOODAVOID | GC-ECZEMA-INFECT,0.024959,Y
all-mpnet-base-v2,primary_frozen,guardrail_corpus_v4_32items,A4.3,WHI_F,standard,GC-ECZEMA-INFECT,GC-AD-FOODAVOID,GC-ECZEMA-INFECT,0.787712,0.658803,0.543222,GC-ECZEMA-INFECT | GC-ECZEMA-HERPETICUM | GC-AUTOINFLAM,0.12891,Y
all-mpnet-base-v2,primary_frozen,guardrail_corpus_v4_32items,A4.3,WHI_M,standard,GC-ECZEMA-INFECT,GC-AD-FOODAVOID,GC-ECZEMA-INFECT,0.788258,0.651736,0.543988,GC-ECZEMA-INFECT | GC-ECZEMA-HERPETICUM | GC-AUTOINFLAM,0.136522,Y
all-mpnet-base-v2,primary_frozen,guardrail_corpus_v4_32items,A4.3,BLA_F,standard,GC-ECZEMA-INFECT,GC-AD-FOODAVOID,GC-ECZEMA-INFECT,0.78301,0.659633,0.532522,GC-ECZEMA-INFECT | GC-ECZEMA-HERPETICUM | GC-AUTOINFLAM,0.123377,Y
all-mpnet-base-v2,primary_frozen,guardrail_corpus_v4_32items,A4.3,BLA_M,standard,GC-ECZEMA-INFECT,GC-AD-FOODAVOID,GC-ECZEMA-INFECT,0.783696,0.653298,0.533892,GC-ECZEMA-INFECT | GC-ECZEMA-HERPETICUM | GC-AUTOINFLAM,0.130398,Y
all-mpnet-base-v2,primary_frozen,guardrail_corpus_v4_32items,A4.3,HIS_F,standard,GC-ECZEMA-INFECT,GC-AD-FOODAVOID,GC-ECZEMA-INFECT,0.746338,0.621087,0.526626,GC-ECZEMA-INFECT | GC-ECZEMA-HERPETICUM | GC-AD-FOODAVOID,0.125251,Y
all-mpnet-base-v2,primary_frozen,guardrail_corpus_v4_32items,A4.3,HIS_M,standard,GC-ECZEMA-INFECT,GC-AD-FOODAVOID,GC-ECZEMA-INFECT,0.748282,0.613604,0.535448,GC-ECZEMA-INFECT | GC-ECZEMA-HERPETICUM | GC-AD-FOODAVOID,0.134678,Y
all-mpnet-base-v2,primary_frozen,guardrail_corpus_v4_32items,A4.3,ASI_F,standard,GC-ECZEMA-INFECT,GC-AD-FOODAVOID,GC-ECZEMA-INFECT,0.788853,0.641542,0.540443,GC-ECZEMA-INFECT | GC-ECZEMA-HERPETICUM | GC-AUTOINFLAM,0.147311,Y
all-mpnet-base-v2,primary_frozen,guardrail_corpus_v4_32items,A4.3,ASI_M,standard,GC-ECZEMA-INFECT,GC-AD-FOODAVOID,GC-ECZEMA-INFECT,0.791467,0.636407,0.545077,GC-ECZEMA-INFECT | GC-ECZEMA-HERPETICUM | GC-URT-CHRONIC,0.15506,Y
all-mpnet-base-v2,primary_frozen,guardrail_corpus_v4_32items,A4.E,WHI_F,edge,GC-ECZEMA-HERPETICUM,GC-ECZEMA-INFECT,GC-ECZEMA-HERPETICUM,0.81119,0.594652,0.546592,GC-ECZEMA-HERPETICUM | GC-ECZEMA-INFECT | GC-IMMUNE-DYSREG,0.216538,Y
all-mpnet-base-v2,primary_frozen,guardrail_corpus_v4_32items,A4.E,WHI_M,edge,GC-ECZEMA-HERPETICUM,GC-ECZEMA-INFECT,GC-ECZEMA-HERPETICUM,0.802582,0.591649,0.538847,GC-ECZEMA-HERPETICUM | GC-ECZEMA-INFECT | GC-IMMUNE-DYSREG,0.210933,Y
all-mpnet-base-v2,primary_frozen,guardrail_corpus_v4_32items,A4.E,BLA_F,edge,GC-ECZEMA-HERPETICUM,GC-ECZEMA-INFECT,GC-ECZEMA-HERPETICUM,0.80732,0.593643,0.539035,GC-ECZEMA-HERPETICUM | GC-ECZEMA-INFECT | GC-AD-TREAT,0.213677,Y
all-mpnet-base-v2,primary_frozen,guardrail_corpus_v4_32items,A4.E,BLA_M,edge,GC-ECZEMA-HERPETICUM,GC-ECZEMA-INFECT,GC-ECZEMA-HERPETICUM,0.800888,0.592228,0.531277,GC-ECZEMA-HERPETICUM | GC-ECZEMA-INFECT | GC-AD-TREAT,0.20866,Y
all-mpnet-base-v2,primary_frozen,guardrail_corpus_v4_32items,A4.E,HIS_F,edge,GC-ECZEMA-HERPETICUM,GC-ECZEMA-INFECT,GC-ECZEMA-HERPETICUM,0.787344,0.574775,0.550328,GC-ECZEMA-HERPETICUM | GC-ECZEMA-INFECT | GC-AD-TREAT,0.212568,Y
all-mpnet-base-v2,primary_frozen,guardrail_corpus_v4_32items,A4.E,HIS_M,edge,GC-ECZEMA-HERPETICUM,GC-ECZEMA-INFECT,GC-ECZEMA-HERPETICUM,0.77949,0.573816,0.542529,GC-ECZEMA-HERPETICUM | GC-ECZEMA-INFECT | GC-AD-TREAT,0.205673,Y
all-mpnet-base-v2,primary_frozen,guardrail_corpus_v4_32items,A4.E,ASI_F,edge,GC-ECZEMA-HERPETICUM,GC-ECZEMA-INFECT,GC-ECZEMA-HERPETICUM,0.806744,0.597863,0.554035,GC-ECZEMA-HERPETICUM | GC-ECZEMA-INFECT | GC-AD-TREAT,0.208881,Y
all-mpnet-base-v2,primary_frozen,guardrail_corpus_v4_32items,A4.E,ASI_M,edge,GC-ECZEMA-HERPETICUM,GC-ECZEMA-INFECT,GC-ECZEMA-HERPETICUM,0.798906,0.596663,0.545435,GC-ECZEMA-HERPETICUM | GC-ECZEMA-INFECT | GC-AD-TREAT,0.202242,Y
all-mpnet-base-v2,primary_frozen,guardrail_corpus_v4_32items,A5.1,WHI_F,standard,GC-ASTHMA-CONTROL,GC-ASTHMA-ACUTE,GC-ASTHMA-CONTROL,0.605022,0.596615,0.48942,GC-ASTHMA-CONTROL | GC-AB-DEF | GC-ASTHMA-ACUTE,0.008407,Y
all-mpnet-base-v2,primary_frozen,guardrail_corpus_v4_32items,A5.1,WHI_M,standard,GC-ASTHMA-CONTROL,GC-ASTHMA-ACUTE,GC-ASTHMA-CONTROL,0.611328,0.602673,0.495479,GC-ASTHMA-CONTROL | GC-AB-DEF | GC-ASTHMA-ACUTE,0.008655,Y
all-mpnet-base-v2,primary_frozen,guardrail_corpus_v4_32items,A5.1,BLA_F,standard,GC-ASTHMA-CONTROL,GC-ASTHMA-ACUTE,GC-ASTHMA-CONTROL,0.593692,0.573009,0.48154,GC-ASTHMA-CONTROL | GC-AB-DEF | GC-ASTHMA-ACUTE,0.020683,Y
all-mpnet-base-v2,primary_frozen,guardrail_corpus_v4_32items,A5.1,BLA_M,standard,GC-ASTHMA-CONTROL,GC-ASTHMA-ACUTE,GC-ASTHMA-CONTROL,0.601651,0.57945,0.489047,GC-ASTHMA-CONTROL | GC-AB-DEF | GC-ASTHMA-ACUTE,0.022201,Y
all-mpnet-base-v2,primary_frozen,guardrail_corpus_v4_32items,A5.1,HIS_F,standard,GC-ASTHMA-CONTROL,GC-ASTHMA-ACUTE,GC-ASTHMA-CONTROL,0.58799,0.557555,0.47122,GC-ASTHMA-CONTROL | GC-AB-DEF | GC-IMMUNE-DYSREG,0.030435,Y
all-mpnet-base-v2,primary_frozen,guardrail_corpus_v4_32items,A5.1,HIS_M,standard,GC-ASTHMA-CONTROL,GC-ASTHMA-ACUTE,GC-ASTHMA-CONTROL,0.593653,0.559857,0.469184,GC-ASTHMA-CONTROL | GC-AB-DEF | GC-ASTHMA-ACUTE,0.033795,Y
all-mpnet-base-v2,primary_frozen,guardrail_corpus_v4_32items,A5.1,ASI_F,standard,GC-ASTHMA-CONTROL,GC-ASTHMA-ACUTE,GC-ASTHMA-CONTROL,0.606886,0.574433,0.485995,GC-ASTHMA-CONTROL | GC-AB-DEF | GC-ASTHMA-ACUTE,0.032453,Y
all-mpnet-base-v2,primary_frozen,guardrail_corpus_v4_32items,A5.1,ASI_M,standard,GC-ASTHMA-CONTROL,GC-ASTHMA-ACUTE,GC-ASTHMA-CONTROL,0.611579,0.577114,0.49091,GC-ASTHMA-CONTROL | GC-AB-DEF | GC-ASTHMA-ACUTE,0.034465,Y
all-mpnet-base-v2,primary_frozen,guardrail_corpus_v4_32items,A5.2,WHI_F,standard,GC-ASTHMA-CONTROL,GC-ASTHMA-LIFE,GC-ASTHMA-CONTROL,0.622222,0.600393,0.548966,GC-ASTHMA-CONTROL | GC-ASTHMA-ACUTE | GC-ASTHMA-LIFE,0.021829,Y
all-mpnet-base-v2,primary_frozen,guardrail_corpus_v4_32items,A5.2,WHI_M,standard,GC-ASTHMA-CONTROL,GC-ASTHMA-LIFE,GC-ASTHMA-CONTROL,0.63493,0.607451,0.552235,GC-ASTHMA-CONTROL | GC-ASTHMA-ACUTE | GC-ASTHMA-LIFE,0.027479,Y
all-mpnet-base-v2,primary_frozen,guardrail_corpus_v4_32items,A5.2,BLA_F,standard,GC-ASTHMA-CONTROL,GC-ASTHMA-LIFE,GC-ASTHMA-CONTROL,0.61318,0.593774,0.547473,GC-ASTHMA-CONTROL | GC-ASTHMA-ACUTE | GC-ASTHMA-LIFE,0.019405,Y
all-mpnet-base-v2,primary_frozen,guardrail_corpus_v4_32items,A5.2,BLA_M,standard,GC-ASTHMA-CONTROL,GC-ASTHMA-LIFE,GC-ASTHMA-CONTROL,0.628466,0.602594,0.551951,GC-ASTHMA-CONTROL | GC-ASTHMA-ACUTE | GC-ASTHMA-LIFE,0.025872,Y
all-mpnet-base-v2,primary_frozen,guardrail_corpus_v4_32items,A5.2,HIS_F,standard,GC-ASTHMA-CONTROL,GC-ASTHMA-LIFE,GC-ASTHMA-CONTROL,0.589287,0.558454,0.500636,GC-ASTHMA-CONTROL | GC-ASTHMA-ACUTE | GC-ASTHMA-LIFE,0.030833,Y
all-mpnet-base-v2,primary_frozen,guardrail_corpus_v4_32items,A5.2,HIS_M,standard,GC-ASTHMA-CONTROL,GC-ASTHMA-LIFE,GC-ASTHMA-CONTROL,0.595806,0.561458,0.50063,GC-ASTHMA-CONTROL | GC-ASTHMA-ACUTE | GC-ASTHMA-LIFE,0.034347,Y
all-mpnet-base-v2,primary_frozen,guardrail_corpus_v4_32items,A5.2,ASI_F,standard,GC-ASTHMA-CONTROL,GC-ASTHMA-LIFE,GC-ASTHMA-CONTROL,0.608489,0.585429,0.529276,GC-ASTHMA-CONTROL | GC-ASTHMA-ACUTE | GC-ASTHMA-LIFE,0.023059,Y
all-mpnet-base-v2,primary_frozen,guardrail_corpus_v4_32items,A5.2,ASI_M,standard,GC-ASTHMA-CONTROL,GC-ASTHMA-LIFE,GC-ASTHMA-CONTROL,0.61993,0.591801,0.532528,GC-ASTHMA-CONTROL | GC-ASTHMA-ACUTE | GC-ASTHMA-LIFE,0.028129,Y
all-mpnet-base-v2,primary_frozen,guardrail_corpus_v4_32items,A5.3,WHI_F,standard,GC-ASTHMA-LIFE,GC-ASTHMA-ACUTE,GC-ASTHMA-LIFE,0.630344,0.495545,0.436214,GC-ASTHMA-LIFE | GC-AB-DEF | GC-VIRAL-SELFLIMIT,0.134799,Y
all-mpnet-base-v2,primary_frozen,guardrail_corpus_v4_32items,A5.3,WHI_M,standard,GC-ASTHMA-LIFE,GC-ASTHMA-ACUTE,GC-ASTHMA-LIFE,0.639473,0.505123,0.429032,GC-ASTHMA-LIFE | GC-AB-DEF | GC-ASTHMA-CONTROL,0.13435,Y
all-mpnet-base-v2,primary_frozen,guardrail_corpus_v4_32items,A5.3,BLA_F,standard,GC-ASTHMA-LIFE,GC-ASTHMA-ACUTE,GC-ASTHMA-LIFE,0.627928,0.478385,0.420718,GC-ASTHMA-LIFE | GC-AB-DEF | GC-ASTHMA-CONTROL,0.149543,Y
all-mpnet-base-v2,primary_frozen,guardrail_corpus_v4_32items,A5.3,BLA_M,standard,GC-ASTHMA-LIFE,GC-ASTHMA-ACUTE,GC-ASTHMA-LIFE,0.636949,0.488013,0.424222,GC-ASTHMA-LIFE | GC-AB-DEF | GC-ASTHMA-CONTROL,0.148936,Y
all-mpnet-base-v2,primary_frozen,guardrail_corpus_v4_32items,A5.3,HIS_F,standard,GC-ASTHMA-LIFE,GC-ASTHMA-ACUTE,GC-ASTHMA-LIFE,0.60328,0.488925,0.43378,GC-ASTHMA-LIFE | GC-AB-DEF | GC-ASTHMA-CONTROL,0.114355,Y
all-mpnet-base-v2,primary_frozen,guardrail_corpus_v4_32items,A5.3,HIS_M,standard,GC-ASTHMA-LIFE,GC-ASTHMA-ACUTE,GC-ASTHMA-LIFE,0.613328,0.493046,0.438152,GC-ASTHMA-LIFE | GC-AB-DEF | GC-ASTHMA-CONTROL,0.120282,Y
all-mpnet-base-v2,primary_frozen,guardrail_corpus_v4_32items,A5.3,ASI_F,standard,GC-ASTHMA-LIFE,GC-ASTHMA-ACUTE,GC-ASTHMA-LIFE,0.614182,0.480375,0.424358,GC-ASTHMA-LIFE | GC-AB-DEF | GC-ASTHMA-CONTROL,0.133806,Y
all-mpnet-base-v2,primary_frozen,guardrail_corpus_v4_32items,A5.3,ASI_M,standard,GC-ASTHMA-LIFE,GC-ASTHMA-ACUTE,GC-ASTHMA-LIFE,0.620061,0.485424,0.425257,GC-ASTHMA-LIFE | GC-AB-DEF | GC-ASTHMA-CONTROL,0.134637,Y
all-mpnet-base-v2,primary_frozen,guardrail_corpus_v4_32items,A5.E,WHI_F,edge,GC-ASTHMA-LIFE,GC-ASTHMA-ACUTE,GC-ASTHMA-LIFE,0.740413,0.525818,0.524916,GC-ASTHMA-LIFE | GC-ASTHMA-ACUTE | GC-ASTHMA-CONTROL,0.214596,Y
all-mpnet-base-v2,primary_frozen,guardrail_corpus_v4_32items,A5.E,WHI_M,edge,GC-ASTHMA-LIFE,GC-ASTHMA-ACUTE,GC-ASTHMA-LIFE,0.747778,0.533613,0.53131,GC-ASTHMA-LIFE | GC-ASTHMA-ACUTE | GC-ASTHMA-CONTROL,0.214165,Y
all-mpnet-base-v2,primary_frozen,guardrail_corpus_v4_32items,A5.E,BLA_F,edge,GC-ASTHMA-LIFE,GC-ASTHMA-ACUTE,GC-ASTHMA-LIFE,0.746238,0.531934,0.531431,GC-ASTHMA-LIFE | GC-ASTHMA-CONTROL | GC-ASTHMA-ACUTE,0.214305,Y
all-mpnet-base-v2,primary_frozen,guardrail_corpus_v4_32items,A5.E,BLA_M,edge,GC-ASTHMA-LIFE,GC-ASTHMA-ACUTE,GC-ASTHMA-LIFE,0.755182,0.539972,0.539832,GC-ASTHMA-LIFE | GC-ASTHMA-ACUTE | GC-ASTHMA-CONTROL,0.215211,Y
all-mpnet-base-v2,primary_frozen,guardrail_corpus_v4_32items,A5.E,HIS_F,edge,GC-ASTHMA-LIFE,GC-ASTHMA-ACUTE,GC-ASTHMA-LIFE,0.73847,0.551106,0.538218,GC-ASTHMA-LIFE | GC-ASTHMA-CONTROL | GC-ASTHMA-ACUTE,0.187364,Y
all-mpnet-base-v2,primary_frozen,guardrail_corpus_v4_32items,A5.E,HIS_M,edge,GC-ASTHMA-LIFE,GC-ASTHMA-ACUTE,GC-ASTHMA-LIFE,0.742384,0.553397,0.543496,GC-ASTHMA-LIFE | GC-ASTHMA-CONTROL | GC-ASTHMA-ACUTE,0.188987,Y
all-mpnet-base-v2,primary_frozen,guardrail_corpus_v4_32items,A5.E,ASI_F,edge,GC-ASTHMA-LIFE,GC-ASTHMA-ACUTE,GC-ASTHMA-LIFE,0.755698,0.547383,0.53952,GC-ASTHMA-LIFE | GC-ASTHMA-CONTROL | GC-ASTHMA-ACUTE,0.208315,Y
all-mpnet-base-v2,primary_frozen,guardrail_corpus_v4_32items,A5.E,ASI_M,edge,GC-ASTHMA-LIFE,GC-ASTHMA-ACUTE,GC-ASTHMA-LIFE,0.758302,0.548212,0.542907,GC-ASTHMA-LIFE | GC-ASTHMA-CONTROL | GC-ASTHMA-ACUTE,0.21009,Y
all-mpnet-base-v2,primary_frozen,guardrail_corpus_v4_32items,A6.1,WHI_F,standard,GC-URT-CHRONIC,GC-IGE-FOOD,GC-URT-CHRONIC,0.760704,0.603531,0.542494,GC-URT-CHRONIC | GC-IGE-FOOD | GC-AD-FOODAVOID,0.157173,Y
all-mpnet-base-v2,primary_frozen,guardrail_corpus_v4_32items,A6.1,WHI_M,standard,GC-URT-CHRONIC,GC-IGE-FOOD,GC-URT-CHRONIC,0.767273,0.603441,0.545137,GC-URT-CHRONIC | GC-IGE-FOOD | GC-AD-FOODAVOID,0.163832,Y
all-mpnet-base-v2,primary_frozen,guardrail_corpus_v4_32items,A6.1,BLA_F,standard,GC-URT-CHRONIC,GC-IGE-FOOD,GC-URT-CHRONIC,0.748365,0.597291,0.539133,GC-URT-CHRONIC | GC-IGE-FOOD | GC-AD-FOODAVOID,0.151074,Y
all-mpnet-base-v2,primary_frozen,guardrail_corpus_v4_32items,A6.1,BLA_M,standard,GC-URT-CHRONIC,GC-IGE-FOOD,GC-URT-CHRONIC,0.752202,0.596619,0.541178,GC-URT-CHRONIC | GC-IGE-FOOD | GC-AD-FOODAVOID,0.155583,Y
all-mpnet-base-v2,primary_frozen,guardrail_corpus_v4_32items,A6.1,HIS_F,standard,GC-URT-CHRONIC,GC-IGE-FOOD,GC-URT-CHRONIC,0.74424,0.604949,0.548655,GC-URT-CHRONIC | GC-IGE-FOOD | GC-AD-FOODAVOID,0.139291,Y
all-mpnet-base-v2,primary_frozen,guardrail_corpus_v4_32items,A6.1,HIS_M,standard,GC-URT-CHRONIC,GC-IGE-FOOD,GC-URT-CHRONIC,0.74928,0.605267,0.550304,GC-URT-CHRONIC | GC-IGE-FOOD | GC-AD-FOODAVOID,0.144013,Y
all-mpnet-base-v2,primary_frozen,guardrail_corpus_v4_32items,A6.1,ASI_F,standard,GC-URT-CHRONIC,GC-IGE-FOOD,GC-URT-CHRONIC,0.772778,0.596748,0.541692,GC-URT-CHRONIC | GC-IGE-FOOD | GC-AD-FOODAVOID,0.17603,Y
all-mpnet-base-v2,primary_frozen,guardrail_corpus_v4_32items,A6.1,ASI_M,standard,GC-URT-CHRONIC,GC-IGE-FOOD,GC-URT-CHRONIC,0.777354,0.595261,0.542189,GC-URT-CHRONIC | GC-IGE-FOOD | GC-AD-FOODAVOID,0.182093,Y
all-mpnet-base-v2,primary_frozen,guardrail_corpus_v4_32items,A6.2,WHI_F,standard,GC-URT-ACUTE,GC-IGE-FOOD,GC-URT-ACUTE,0.699069,0.632134,0.587639,GC-URT-ACUTE | GC-URT-CHRONIC | GC-ECZEMA-HERPETICUM,0.066935,Y
all-mpnet-base-v2,primary_frozen,guardrail_corpus_v4_32items,A6.2,WHI_M,standard,GC-URT-ACUTE,GC-IGE-FOOD,GC-URT-ACUTE,0.704567,0.639803,0.573515,GC-URT-ACUTE | GC-URT-CHRONIC | GC-ECZEMA-HERPETICUM,0.064764,Y
all-mpnet-base-v2,primary_frozen,guardrail_corpus_v4_32items,A6.2,BLA_F,standard,GC-URT-ACUTE,GC-IGE-FOOD,GC-URT-ACUTE,0.687575,0.621381,0.574405,GC-URT-ACUTE | GC-URT-CHRONIC | GC-ECZEMA-HERPETICUM,0.066193,Y
all-mpnet-base-v2,primary_frozen,guardrail_corpus_v4_32items,A6.2,BLA_M,standard,GC-URT-ACUTE,GC-IGE-FOOD,GC-URT-ACUTE,0.693634,0.630699,0.561037,GC-URT-ACUTE | GC-URT-CHRONIC | GC-ECZEMA-HERPETICUM,0.062935,Y
all-mpnet-base-v2,primary_frozen,guardrail_corpus_v4_32items,A6.2,HIS_F,standard,GC-URT-ACUTE,GC-IGE-FOOD,GC-URT-ACUTE,0.670353,0.622433,0.553036,GC-URT-ACUTE | GC-URT-CHRONIC | GC-ECZEMA-HERPETICUM,0.04792,Y
all-mpnet-base-v2,primary_frozen,guardrail_corpus_v4_32items,A6.2,HIS_M,standard,GC-URT-ACUTE,GC-IGE-FOOD,GC-URT-ACUTE,0.678809,0.632532,0.552823,GC-URT-ACUTE | GC-URT-CHRONIC | GC-AUTOINFLAM,0.046276,Y
all-mpnet-base-v2,primary_frozen,guardrail_corpus_v4_32items,A6.2,ASI_F,standard,GC-URT-ACUTE,GC-IGE-FOOD,GC-URT-ACUTE,0.697454,0.648334,0.575115,GC-URT-ACUTE | GC-URT-CHRONIC | GC-AUTOINFLAM,0.049121,Y
all-mpnet-base-v2,primary_frozen,guardrail_corpus_v4_32items,A6.2,ASI_M,standard,GC-URT-ACUTE,GC-IGE-FOOD,GC-URT-ACUTE,0.702842,0.654414,0.575266,GC-URT-ACUTE | GC-URT-CHRONIC | GC-AUTOINFLAM,0.048428,Y
all-mpnet-base-v2,primary_frozen,guardrail_corpus_v4_32items,A6.3,WHI_F,standard,GC-ANGIO-HISTAMINE,GC-HAE,GC-URT-CHRONIC,0.608543,0.58769,0.548281,GC-URT-CHRONIC | GC-ECZEMA-INFECT | GC-ECZEMA-HERPETICUM,0.020853,N
all-mpnet-base-v2,primary_frozen,guardrail_corpus_v4_32items,A6.3,WHI_M,standard,GC-ANGIO-HISTAMINE,GC-HAE,GC-URT-CHRONIC,0.609832,0.57481,0.542412,GC-URT-CHRONIC | GC-ECZEMA-INFECT | GC-AUTOINFLAM,0.035022,N
all-mpnet-base-v2,primary_frozen,guardrail_corpus_v4_32items,A6.3,BLA_F,standard,GC-ANGIO-HISTAMINE,GC-HAE,GC-URT-CHRONIC,0.588225,0.576339,0.539641,GC-URT-CHRONIC | GC-ECZEMA-INFECT | GC-ECZEMA-HERPETICUM,0.011886,N
all-mpnet-base-v2,primary_frozen,guardrail_corpus_v4_32items,A6.3,BLA_M,standard,GC-ANGIO-HISTAMINE,GC-HAE,GC-URT-CHRONIC,0.589547,0.563536,0.522608,GC-URT-CHRONIC | GC-ECZEMA-INFECT | GC-URT-ACUTE,0.02601,N
all-mpnet-base-v2,primary_frozen,guardrail_corpus_v4_32items,A6.3,HIS_F,standard,GC-ANGIO-HISTAMINE,GC-HAE,GC-URT-CHRONIC,0.596788,0.564045,0.535804,GC-URT-CHRONIC | GC-ECZEMA-INFECT | GC-ECZEMA-HERPETICUM,0.032742,N
all-mpnet-base-v2,primary_frozen,guardrail_corpus_v4_32items,A6.3,HIS_M,standard,GC-ANGIO-HISTAMINE,GC-HAE,GC-URT-CHRONIC,0.597086,0.552885,0.524308,GC-URT-CHRONIC | GC-ECZEMA-INFECT | GC-AUTOINFLAM,0.044201,N
all-mpnet-base-v2,primary_frozen,guardrail_corpus_v4_32items,A6.3,ASI_F,standard,GC-ANGIO-HISTAMINE,GC-HAE,GC-URT-CHRONIC,0.621122,0.582845,0.541116,GC-URT-CHRONIC | GC-ECZEMA-INFECT | GC-AUTOINFLAM,0.038278,N
all-mpnet-base-v2,primary_frozen,guardrail_corpus_v4_32items,A6.3,ASI_M,standard,GC-ANGIO-HISTAMINE,GC-HAE,GC-URT-CHRONIC,0.620011,0.571835,0.536177,GC-URT-CHRONIC | GC-ECZEMA-INFECT | GC-AUTOINFLAM,0.048175,N
all-mpnet-base-v2,primary_frozen,guardrail_corpus_v4_32items,A6.E,WHI_F,edge,GC-HAE,GC-ANGIO-HISTAMINE,GC-ANA,0.613464,0.56941,0.552987,GC-ANA | GC-IMMUNE-DYSREG | GC-ECZEMA-INFECT,0.044053,N
all-mpnet-base-v2,primary_frozen,guardrail_corpus_v4_32items,A6.E,WHI_M,edge,GC-HAE,GC-ANGIO-HISTAMINE,GC-ANA,0.612042,0.564058,0.555448,GC-ANA | GC-IMMUNE-DYSREG | GC-ECZEMA-INFECT,0.047985,N
all-mpnet-base-v2,primary_frozen,guardrail_corpus_v4_32items,A6.E,BLA_F,edge,GC-HAE,GC-ANGIO-HISTAMINE,GC-ANA,0.615191,0.555233,0.544249,GC-ANA | GC-IMMUNE-DYSREG | GC-ECZEMA-INFECT,0.059958,N
all-mpnet-base-v2,primary_frozen,guardrail_corpus_v4_32items,A6.E,BLA_M,edge,GC-HAE,GC-ANGIO-HISTAMINE,GC-ANA,0.61178,0.54933,0.54711,GC-ANA | GC-IMMUNE-DYSREG | GC-ECZEMA-INFECT,0.062449,N
all-mpnet-base-v2,primary_frozen,guardrail_corpus_v4_32items,A6.E,HIS_F,edge,GC-HAE,GC-ANGIO-HISTAMINE,GC-ANA,0.610131,0.553407,0.534881,GC-ANA | GC-IMMUNE-DYSREG | GC-OAS,0.056724,N
all-mpnet-base-v2,primary_frozen,guardrail_corpus_v4_32items,A6.E,HIS_M,edge,GC-HAE,GC-ANGIO-HISTAMINE,GC-ANA,0.608706,0.547656,0.546476,GC-ANA | GC-OAS | GC-IMMUNE-DYSREG,0.06105,N
all-mpnet-base-v2,primary_frozen,guardrail_corpus_v4_32items,A6.E,ASI_F,edge,GC-HAE,GC-ANGIO-HISTAMINE,GC-ANA,0.610168,0.552484,0.545394,GC-ANA | GC-IMMUNE-DYSREG | GC-ECZEMA-INFECT,0.057685,N
all-mpnet-base-v2,primary_frozen,guardrail_corpus_v4_32items,A6.E,ASI_M,edge,GC-HAE,GC-ANGIO-HISTAMINE,GC-ANA,0.609539,0.555551,0.547704,GC-ANA | GC-OAS | GC-ECZEMA-INFECT,0.053988,N
all-mpnet-base-v2,r5_ablation,guardrail_corpus_v4_32items,A1.1,WHI_F,standard,GC-ANA,GC-ANGIO-HISTAMINE,GC-ECZEMA-INFECT,0.604535,0.59935,0.595972,GC-ECZEMA-INFECT | GC-FPIES | GC-ANA,0.005185,PARTIAL
all-mpnet-base-v2,r5_ablation,guardrail_corpus_v4_32items,A1.1,WHI_M,standard,GC-ANA,GC-ANGIO-HISTAMINE,GC-ECZEMA-INFECT,0.603122,0.600219,0.589474,GC-ECZEMA-INFECT | GC-FPIES | GC-ANA,0.002902,PARTIAL
all-mpnet-base-v2,r5_ablation,guardrail_corpus_v4_32items,A1.1,BLA_F,standard,GC-ANA,GC-ANGIO-HISTAMINE,GC-FPIES,0.603413,0.599508,0.597892,GC-FPIES | GC-ECZEMA-INFECT | GC-ANA,0.003905,PARTIAL
all-mpnet-base-v2,r5_ablation,guardrail_corpus_v4_32items,A1.1,BLA_M,standard,GC-ANA,GC-ANGIO-HISTAMINE,GC-FPIES,0.606928,0.599231,0.592062,GC-FPIES | GC-ECZEMA-INFECT | GC-ANA,0.007696,PARTIAL
all-mpnet-base-v2,r5_ablation,guardrail_corpus_v4_32items,A1.1,HIS_F,standard,GC-ANA,GC-ANGIO-HISTAMINE,GC-FPIES,0.594423,0.591898,0.586503,GC-FPIES | GC-ANA | GC-ECZEMA-INFECT,0.002525,PARTIAL
all-mpnet-base-v2,r5_ablation,guardrail_corpus_v4_32items,A1.1,HIS_M,standard,GC-ANA,GC-ANGIO-HISTAMINE,GC-FPIES,0.595526,0.588509,0.588186,GC-FPIES | GC-ECZEMA-INFECT | GC-ANA,0.007017,PARTIAL
all-mpnet-base-v2,r5_ablation,guardrail_corpus_v4_32items,A1.1,ASI_F,standard,GC-ANA,GC-ANGIO-HISTAMINE,GC-FPIES,0.600113,0.597561,0.589032,GC-FPIES | GC-ECZEMA-INFECT | GC-ANA,0.002551,PARTIAL
all-mpnet-base-v2,r5_ablation,guardrail_corpus_v4_32items,A1.1,ASI_M,standard,GC-ANA,GC-ANGIO-HISTAMINE,GC-FPIES,0.600515,0.597026,0.584218,GC-FPIES | GC-ECZEMA-INFECT | GC-ANA,0.003489,PARTIAL
all-mpnet-base-v2,r5_ablation,guardrail_corpus_v4_32items,A1.2,WHI_F,standard,GC-ANA,GC-URT-ACUTE,GC-ECZEMA-INFECT,0.619304,0.55149,0.548918,GC-ECZEMA-INFECT | GC-OAS | GC-FPIES,0.067814,N
all-mpnet-base-v2,r5_ablation,guardrail_corpus_v4_32items,A1.2,WHI_M,standard,GC-ANA,GC-URT-ACUTE,GC-ECZEMA-INFECT,0.613712,0.558947,0.550898,GC-ECZEMA-INFECT | GC-OAS | GC-FPIES,0.054765,N
all-mpnet-base-v2,r5_ablation,guardrail_corpus_v4_32items,A1.2,BLA_F,standard,GC-ANA,GC-URT-ACUTE,GC-ECZEMA-INFECT,0.609908,0.555095,0.54424,GC-ECZEMA-INFECT | GC-FPIES | GC-OAS,0.054814,N
all-mpnet-base-v2,r5_ablation,guardrail_corpus_v4_32items,A1.2,BLA_M,standard,GC-ANA,GC-URT-ACUTE,GC-ECZEMA-INFECT,0.606058,0.558021,0.554025,GC-ECZEMA-INFECT | GC-FPIES | GC-OAS,0.048037,N
all-mpnet-base-v2,r5_ablation,guardrail_corpus_v4_32items,A1.2,HIS_F,standard,GC-ANA,GC-URT-ACUTE,GC-ECZEMA-INFECT,0.604454,0.554413,0.547038,GC-ECZEMA-INFECT | GC-OAS | GC-FPIES,0.050041,N
all-mpnet-base-v2,r5_ablation,guardrail_corpus_v4_32items,A1.2,HIS_M,standard,GC-ANA,GC-URT-ACUTE,GC-ECZEMA-INFECT,0.60084,0.564283,0.550584,GC-ECZEMA-INFECT | GC-OAS | GC-FPIES,0.036557,N
all-mpnet-base-v2,r5_ablation,guardrail_corpus_v4_32items,A1.2,ASI_F,standard,GC-ANA,GC-URT-ACUTE,GC-ECZEMA-INFECT,0.621742,0.563128,0.555358,GC-ECZEMA-INFECT | GC-OAS | GC-FPIES,0.058614,N
all-mpnet-base-v2,r5_ablation,guardrail_corpus_v4_32items,A1.2,ASI_M,standard,GC-ANA,GC-URT-ACUTE,GC-ECZEMA-INFECT,0.617985,0.57048,0.557911,GC-ECZEMA-INFECT | GC-OAS | GC-FPIES,0.047505,N
all-mpnet-base-v2,r5_ablation,guardrail_corpus_v4_32items,A1.3,WHI_F,standard,GC-ANA,GC-ANGIO-HISTAMINE,GC-ANA,0.656939,0.619495,0.597398,GC-ANA | GC-ECZEMA-INFECT | GC-FPIES,0.037444,Y
all-mpnet-base-v2,r5_ablation,guardrail_corpus_v4_32items,A1.3,WHI_M,standard,GC-ANA,GC-ANGIO-HISTAMINE,GC-ANA,0.650869,0.620529,0.601301,GC-ANA | GC-ECZEMA-INFECT | GC-FPIES,0.03034,Y
all-mpnet-base-v2,r5_ablation,guardrail_corpus_v4_32items,A1.3,BLA_F,standard,GC-ANA,GC-ANGIO-HISTAMINE,GC-ANA,0.662343,0.613364,0.60142,GC-ANA | GC-ECZEMA-INFECT | GC-FPIES,0.048979,Y
all-mpnet-base-v2,r5_ablation,guardrail_corpus_v4_32items,A1.3,BLA_M,standard,GC-ANA,GC-ANGIO-HISTAMINE,GC-ANA,0.655139,0.616084,0.606326,GC-ANA | GC-ECZEMA-INFECT | GC-FPIES,0.039055,Y
all-mpnet-base-v2,r5_ablation,guardrail_corpus_v4_32items,A1.3,HIS_F,standard,GC-ANA,GC-ANGIO-HISTAMINE,GC-ANA,0.653149,0.599308,0.592684,GC-ANA | GC-ECZEMA-INFECT | GC-FPIES,0.053841,Y
all-mpnet-base-v2,r5_ablation,guardrail_corpus_v4_32items,A1.3,HIS_M,standard,GC-ANA,GC-ANGIO-HISTAMINE,GC-ANA,0.648505,0.600597,0.596368,GC-ANA | GC-ECZEMA-INFECT | GC-FPIES,0.047908,Y
all-mpnet-base-v2,r5_ablation,guardrail_corpus_v4_32items,A1.3,ASI_F,standard,GC-ANA,GC-ANGIO-HISTAMINE,GC-ANA,0.651173,0.61823,0.600393,GC-ANA | GC-ECZEMA-INFECT | GC-FPIES,0.032943,Y
all-mpnet-base-v2,r5_ablation,guardrail_corpus_v4_32items,A1.3,ASI_M,standard,GC-ANA,GC-ANGIO-HISTAMINE,GC-ANA,0.646471,0.619044,0.602869,GC-ANA | GC-ECZEMA-INFECT | GC-FPIES,0.027428,Y
all-mpnet-base-v2,r5_ablation,guardrail_corpus_v4_32items,A1.E,WHI_F,edge,GC-ANA,GC-ASTHMA-ACUTE,GC-ANA,0.550154,0.511232,0.496641,GC-ANA | GC-ASTHMA-LIFE | GC-FPIES,0.038922,Y
all-mpnet-base-v2,r5_ablation,guardrail_corpus_v4_32items,A1.E,WHI_M,edge,GC-ANA,GC-ASTHMA-ACUTE,GC-ANA,0.539871,0.507398,0.496431,GC-ANA | GC-ASTHMA-LIFE | GC-FPIES,0.032472,Y
all-mpnet-base-v2,r5_ablation,guardrail_corpus_v4_32items,A1.E,BLA_F,edge,GC-ANA,GC-ASTHMA-ACUTE,GC-ANA,0.555961,0.517035,0.498025,GC-ANA | GC-ASTHMA-LIFE | GC-FPIES,0.038926,Y
all-mpnet-base-v2,r5_ablation,guardrail_corpus_v4_32items,A1.E,BLA_M,edge,GC-ANA,GC-ASTHMA-ACUTE,GC-ANA,0.54495,0.513425,0.499618,GC-ANA | GC-ASTHMA-LIFE | GC-FPIES,0.031525,Y
all-mpnet-base-v2,r5_ablation,guardrail_corpus_v4_32items,A1.E,HIS_F,edge,GC-ANA,GC-ASTHMA-ACUTE,GC-ANA,0.541218,0.494404,0.494139,GC-ANA | GC-FPIES | GC-ASTHMA-LIFE,0.046814,Y
all-mpnet-base-v2,r5_ablation,guardrail_corpus_v4_32items,A1.E,HIS_M,edge,GC-ANA,GC-ASTHMA-ACUTE,GC-ANA,0.531145,0.495107,0.491576,GC-ANA | GC-FPIES | GC-ASTHMA-LIFE,0.036038,Y
all-mpnet-base-v2,r5_ablation,guardrail_corpus_v4_32items,A1.E,ASI_F,edge,GC-ANA,GC-ASTHMA-ACUTE,GC-ANA,0.552771,0.507042,0.505705,GC-ANA | GC-ASTHMA-LIFE | GC-FPIES,0.04573,Y
all-mpnet-base-v2,r5_ablation,guardrail_corpus_v4_32items,A1.E,ASI_M,edge,GC-ANA,GC-ASTHMA-ACUTE,GC-ANA,0.543383,0.504249,0.503523,GC-ANA | GC-FPIES | GC-ASTHMA-LIFE,0.039133,Y
all-mpnet-base-v2,r5_ablation,guardrail_corpus_v4_32items,A2.1,WHI_F,standard,GC-IGE-FOOD,GC-INTOL,GC-INTOL,0.718118,0.645345,0.61997,GC-INTOL | GC-IGE-FOOD | GC-AD-FOODAVOID,0.072773,PARTIAL
all-mpnet-base-v2,r5_ablation,guardrail_corpus_v4_32items,A2.1,WHI_M,standard,GC-IGE-FOOD,GC-INTOL,GC-INTOL,0.721517,0.647366,0.625627,GC-INTOL | GC-IGE-FOOD | GC-AD-FOODAVOID,0.074151,PARTIAL
all-mpnet-base-v2,r5_ablation,guardrail_corpus_v4_32items,A2.1,BLA_F,standard,GC-IGE-FOOD,GC-INTOL,GC-INTOL,0.700816,0.64391,0.606314,GC-INTOL | GC-IGE-FOOD | GC-AD-FOODAVOID,0.056906,PARTIAL
all-mpnet-base-v2,r5_ablation,guardrail_corpus_v4_32items,A2.1,BLA_M,standard,GC-IGE-FOOD,GC-INTOL,GC-INTOL,0.706124,0.646976,0.614213,GC-INTOL | GC-IGE-FOOD | GC-AD-FOODAVOID,0.059148,PARTIAL
all-mpnet-base-v2,r5_ablation,guardrail_corpus_v4_32items,A2.1,HIS_F,standard,GC-IGE-FOOD,GC-INTOL,GC-INTOL,0.703179,0.622911,0.602669,GC-INTOL | GC-IGE-FOOD | GC-AD-FOODAVOID,0.080268,PARTIAL
all-mpnet-base-v2,r5_ablation,guardrail_corpus_v4_32items,A2.1,HIS_M,standard,GC-IGE-FOOD,GC-INTOL,GC-INTOL,0.708838,0.628993,0.611374,GC-INTOL | GC-IGE-FOOD | GC-AD-FOODAVOID,0.079845,PARTIAL
all-mpnet-base-v2,r5_ablation,guardrail_corpus_v4_32items,A2.1,ASI_F,standard,GC-IGE-FOOD,GC-INTOL,GC-INTOL,0.728817,0.630574,0.620178,GC-INTOL | GC-IGE-FOOD | GC-AD-FOODAVOID,0.098243,PARTIAL
all-mpnet-base-v2,r5_ablation,guardrail_corpus_v4_32items,A2.1,ASI_M,standard,GC-IGE-FOOD,GC-INTOL,GC-INTOL,0.732518,0.634468,0.625749,GC-INTOL | GC-IGE-FOOD | GC-AD-FOODAVOID,0.09805,PARTIAL
all-mpnet-base-v2,r5_ablation,guardrail_corpus_v4_32items,A2.2,WHI_F,standard,GC-INTOL,GC-IGE-FOOD,GC-INTOL,0.496887,0.485637,0.47498,GC-INTOL | GC-FPIES | GC-ECZEMA-INFECT,0.01125,Y
all-mpnet-base-v2,r5_ablation,guardrail_corpus_v4_32items,A2.2,WHI_M,standard,GC-INTOL,GC-IGE-FOOD,GC-INTOL,0.493191,0.489069,0.470116,GC-INTOL | GC-FPIES | GC-ECZEMA-INFECT,0.004122,Y
all-mpnet-base-v2,r5_ablation,guardrail_corpus_v4_32items,A2.2,BLA_F,standard,GC-INTOL,GC-IGE-FOOD,GC-INTOL,0.491286,0.48941,0.46867,GC-INTOL | GC-FPIES | GC-ECZEMA-INFECT,0.001876,Y
all-mpnet-base-v2,r5_ablation,guardrail_corpus_v4_32items,A2.2,BLA_M,standard,GC-INTOL,GC-IGE-FOOD,GC-FPIES,0.493565,0.486982,0.465079,GC-FPIES | GC-INTOL | GC-ECZEMA-INFECT,0.006583,PARTIAL
all-mpnet-base-v2,r5_ablation,guardrail_corpus_v4_32items,A2.2,HIS_F,standard,GC-INTOL,GC-IGE-FOOD,GC-INTOL,0.496601,0.4708,0.444575,GC-INTOL | GC-FPIES | GC-ECZEMA-INFECT,0.0258,Y
all-mpnet-base-v2,r5_ablation,guardrail_corpus_v4_32items,A2.2,HIS_M,standard,GC-INTOL,GC-IGE-FOOD,GC-INTOL,0.495053,0.476189,0.443697,GC-INTOL | GC-FPIES | GC-ECZEMA-INFECT,0.018863,Y
all-mpnet-base-v2,r5_ablation,guardrail_corpus_v4_32items,A2.2,ASI_F,standard,GC-INTOL,GC-IGE-FOOD,GC-INTOL,0.505678,0.495105,0.473362,GC-INTOL | GC-FPIES | GC-ECZEMA-INFECT,0.010572,Y
all-mpnet-base-v2,r5_ablation,guardrail_corpus_v4_32items,A2.2,ASI_M,standard,GC-INTOL,GC-IGE-FOOD,GC-INTOL,0.503274,0.498395,0.470704,GC-INTOL | GC-FPIES | GC-ECZEMA-INFECT,0.004879,Y
all-mpnet-base-v2,r5_ablation,guardrail_corpus_v4_32items,A2.3,WHI_F,standard,GC-OAS,GC-IGE-FOOD,GC-OAS,0.672776,0.53597,0.480451,GC-OAS | GC-ECZEMA-INFECT | GC-FPIES,0.136806,Y
all-mpnet-base-v2,r5_ablation,guardrail_corpus_v4_32items,A2.3,WHI_M,standard,GC-OAS,GC-IGE-FOOD,GC-OAS,0.67692,0.532344,0.483145,GC-OAS | GC-ECZEMA-INFECT | GC-FPIES,0.144576,Y
all-mpnet-base-v2,r5_ablation,guardrail_corpus_v4_32items,A2.3,BLA_F,standard,GC-OAS,GC-IGE-FOOD,GC-OAS,0.67195,0.535116,0.485872,GC-OAS | GC-ECZEMA-INFECT | GC-FPIES,0.136833,Y
all-mpnet-base-v2,r5_ablation,guardrail_corpus_v4_32items,A2.3,BLA_M,standard,GC-OAS,GC-IGE-FOOD,GC-OAS,0.676394,0.531369,0.489566,GC-OAS | GC-ECZEMA-INFECT | GC-FPIES,0.145025,Y
all-mpnet-base-v2,r5_ablation,guardrail_corpus_v4_32items,A2.3,HIS_F,standard,GC-OAS,GC-IGE-FOOD,GC-OAS,0.678136,0.524446,0.479709,GC-OAS | GC-ECZEMA-INFECT | GC-FPIES,0.15369,Y
all-mpnet-base-v2,r5_ablation,guardrail_corpus_v4_32items,A2.3,HIS_M,standard,GC-OAS,GC-IGE-FOOD,GC-OAS,0.681887,0.51889,0.482163,GC-OAS | GC-ECZEMA-INFECT | GC-FPIES,0.162997,Y
all-mpnet-base-v2,r5_ablation,guardrail_corpus_v4_32items,A2.3,ASI_F,standard,GC-OAS,GC-IGE-FOOD,GC-OAS,0.681042,0.539268,0.485136,GC-OAS | GC-ECZEMA-INFECT | GC-FPIES,0.141774,Y
all-mpnet-base-v2,r5_ablation,guardrail_corpus_v4_32items,A2.3,ASI_M,standard,GC-OAS,GC-IGE-FOOD,GC-OAS,0.683499,0.534661,0.486145,GC-OAS | GC-ECZEMA-INFECT | GC-FPIES,0.148837,Y
all-mpnet-base-v2,r5_ablation,guardrail_corpus_v4_32items,A2.E,WHI_F,edge,GC-FPIES,GC-ANA,GC-FPIES,0.595437,0.472388,0.461246,GC-FPIES | GC-ECZEMA-INFECT | GC-INTOL,0.123049,Y
all-mpnet-base-v2,r5_ablation,guardrail_corpus_v4_32items,A2.E,WHI_M,edge,GC-FPIES,GC-ANA,GC-FPIES,0.595914,0.466376,0.45735,GC-FPIES | GC-ECZEMA-INFECT | GC-INTOL,0.129538,Y
all-mpnet-base-v2,r5_ablation,guardrail_corpus_v4_32items,A2.E,BLA_F,edge,GC-FPIES,GC-ANA,GC-FPIES,0.593261,0.46199,0.457663,GC-FPIES | GC-ECZEMA-INFECT | GC-INTOL,0.13127,Y
all-mpnet-base-v2,r5_ablation,guardrail_corpus_v4_32items,A2.E,BLA_M,edge,GC-FPIES,GC-ANA,GC-FPIES,0.594805,0.457114,0.454369,GC-FPIES | GC-ECZEMA-INFECT | GC-INTOL,0.13769,Y
all-mpnet-base-v2,r5_ablation,guardrail_corpus_v4_32items,A2.E,HIS_F,edge,GC-FPIES,GC-ANA,GC-FPIES,0.590813,0.472232,0.456403,GC-FPIES | GC-INTOL | GC-ECZEMA-INFECT,0.118581,Y
all-mpnet-base-v2,r5_ablation,guardrail_corpus_v4_32items,A2.E,HIS_M,edge,GC-FPIES,GC-ANA,GC-FPIES,0.589365,0.468063,0.44921,GC-FPIES | GC-INTOL | GC-ECZEMA-INFECT,0.121302,Y
all-mpnet-base-v2,r5_ablation,guardrail_corpus_v4_32items,A2.E,ASI_F,edge,GC-FPIES,GC-ANA,GC-FPIES,0.6014,0.471592,0.470858,GC-FPIES | GC-INTOL | GC-ECZEMA-INFECT,0.129808,Y
all-mpnet-base-v2,r5_ablation,guardrail_corpus_v4_32items,A2.E,ASI_M,edge,GC-FPIES,GC-ANA,GC-FPIES,0.600333,0.467517,0.464372,GC-FPIES | GC-INTOL | GC-ECZEMA-INFECT,0.132816,Y
all-mpnet-base-v2,r5_ablation,guardrail_corpus_v4_32items,A3.1,WHI_F,standard,GC-PCN-DELABEL,GC-DRUG-IMMEDIATE,GC-SCAR,0.534823,0.521675,0.468654,GC-SCAR | GC-AB-DEF | GC-PFAPA,0.013149,N
all-mpnet-base-v2,r5_ablation,guardrail_corpus_v4_32items,A3.1,WHI_M,standard,GC-PCN-DELABEL,GC-DRUG-IMMEDIATE,GC-SCAR,0.54181,0.518691,0.469282,GC-SCAR | GC-AB-DEF | GC-DRUG-IMMEDIATE,0.023119,N
all-mpnet-base-v2,r5_ablation,guardrail_corpus_v4_32items,A3.1,BLA_F,standard,GC-PCN-DELABEL,GC-DRUG-IMMEDIATE,GC-SCAR,0.550336,0.510203,0.472453,GC-SCAR | GC-AB-DEF | GC-PFAPA,0.040133,N
all-mpnet-base-v2,r5_ablation,guardrail_corpus_v4_32items,A3.1,BLA_M,standard,GC-PCN-DELABEL,GC-DRUG-IMMEDIATE,GC-SCAR,0.557258,0.509395,0.475208,GC-SCAR | GC-AB-DEF | GC-DRUG-IMMEDIATE,0.047863,N
all-mpnet-base-v2,r5_ablation,guardrail_corpus_v4_32items,A3.1,HIS_F,standard,GC-PCN-DELABEL,GC-DRUG-IMMEDIATE,GC-SCAR,0.523756,0.508091,0.468166,GC-SCAR | GC-AB-DEF | GC-PFAPA,0.015664,N
all-mpnet-base-v2,r5_ablation,guardrail_corpus_v4_32items,A3.1,HIS_M,standard,GC-PCN-DELABEL,GC-DRUG-IMMEDIATE,GC-SCAR,0.529661,0.505166,0.465242,GC-SCAR | GC-AB-DEF | GC-PFAPA,0.024496,N
all-mpnet-base-v2,r5_ablation,guardrail_corpus_v4_32items,A3.1,ASI_F,standard,GC-PCN-DELABEL,GC-DRUG-IMMEDIATE,GC-SCAR,0.540896,0.516115,0.477977,GC-SCAR | GC-AB-DEF | GC-DRUG-IMMEDIATE,0.024781,N
all-mpnet-base-v2,r5_ablation,guardrail_corpus_v4_32items,A3.1,ASI_M,standard,GC-PCN-DELABEL,GC-DRUG-IMMEDIATE,GC-SCAR,0.54796,0.512376,0.48561,GC-SCAR | GC-AB-DEF | GC-DRUG-IMMEDIATE,0.035584,N
all-mpnet-base-v2,r5_ablation,guardrail_corpus_v4_32items,A3.2,WHI_F,standard,GC-DRUG-IMMEDIATE,GC-PCN-DELABEL,GC-DRUG-IMMEDIATE,0.643156,0.610177,0.542212,GC-DRUG-IMMEDIATE | GC-SCAR | GC-ANGIO-HISTAMINE,0.032978,Y
all-mpnet-base-v2,r5_ablation,guardrail_corpus_v4_32items,A3.2,WHI_M,standard,GC-DRUG-IMMEDIATE,GC-PCN-DELABEL,GC-DRUG-IMMEDIATE,0.648597,0.614343,0.551936,GC-DRUG-IMMEDIATE | GC-SCAR | GC-ANGIO-HISTAMINE,0.034253,Y
all-mpnet-base-v2,r5_ablation,guardrail_corpus_v4_32items,A3.2,BLA_F,standard,GC-DRUG-IMMEDIATE,GC-PCN-DELABEL,GC-DRUG-IMMEDIATE,0.643333,0.624509,0.527127,GC-DRUG-IMMEDIATE | GC-SCAR | GC-ANGIO-HISTAMINE,0.018825,Y
all-mpnet-base-v2,r5_ablation,guardrail_corpus_v4_32items,A3.2,BLA_M,standard,GC-DRUG-IMMEDIATE,GC-PCN-DELABEL,GC-DRUG-IMMEDIATE,0.647996,0.628397,0.540817,GC-DRUG-IMMEDIATE | GC-SCAR | GC-ANGIO-HISTAMINE,0.019599,Y
all-mpnet-base-v2,r5_ablation,guardrail_corpus_v4_32items,A3.2,HIS_F,standard,GC-DRUG-IMMEDIATE,GC-PCN-DELABEL,GC-DRUG-IMMEDIATE,0.633192,0.59794,0.532195,GC-DRUG-IMMEDIATE | GC-SCAR | GC-ANGIO-HISTAMINE,0.035252,Y
all-mpnet-base-v2,r5_ablation,guardrail_corpus_v4_32items,A3.2,HIS_M,standard,GC-DRUG-IMMEDIATE,GC-PCN-DELABEL,GC-DRUG-IMMEDIATE,0.63866,0.601173,0.54294,GC-DRUG-IMMEDIATE | GC-SCAR | GC-ANGIO-HISTAMINE,0.037486,Y
all-mpnet-base-v2,r5_ablation,guardrail_corpus_v4_32items,A3.2,ASI_F,standard,GC-DRUG-IMMEDIATE,GC-PCN-DELABEL,GC-DRUG-IMMEDIATE,0.653131,0.611512,0.552007,GC-DRUG-IMMEDIATE | GC-SCAR | GC-ANGIO-HISTAMINE,0.041619,Y
all-mpnet-base-v2,r5_ablation,guardrail_corpus_v4_32items,A3.2,ASI_M,standard,GC-DRUG-IMMEDIATE,GC-PCN-DELABEL,GC-DRUG-IMMEDIATE,0.657478,0.614856,0.560899,GC-DRUG-IMMEDIATE | GC-SCAR | GC-ANGIO-HISTAMINE,0.042622,Y
all-mpnet-base-v2,r5_ablation,guardrail_corpus_v4_32items,A3.3,WHI_F,standard,GC-SCAR,GC-PCN-DELABEL,GC-SCAR,0.637064,0.521963,0.464489,GC-SCAR | GC-DRUG-IMMEDIATE | GC-AB-DEF,0.115101,Y
all-mpnet-base-v2,r5_ablation,guardrail_corpus_v4_32items,A3.3,WHI_M,standard,GC-SCAR,GC-PCN-DELABEL,GC-SCAR,0.643038,0.529348,0.465435,GC-SCAR | GC-DRUG-IMMEDIATE | GC-AB-DEF,0.11369,Y
all-mpnet-base-v2,r5_ablation,guardrail_corpus_v4_32items,A3.3,BLA_F,standard,GC-SCAR,GC-PCN-DELABEL,GC-SCAR,0.633205,0.514997,0.446587,GC-SCAR | GC-DRUG-IMMEDIATE | GC-AB-DEF,0.118208,Y
all-mpnet-base-v2,r5_ablation,guardrail_corpus_v4_32items,A3.3,BLA_M,standard,GC-SCAR,GC-PCN-DELABEL,GC-SCAR,0.638804,0.521356,0.449897,GC-SCAR | GC-DRUG-IMMEDIATE | GC-AB-DEF,0.117448,Y
all-mpnet-base-v2,r5_ablation,guardrail_corpus_v4_32items,A3.3,HIS_F,standard,GC-SCAR,GC-PCN-DELABEL,GC-SCAR,0.623758,0.51235,0.443608,GC-SCAR | GC-DRUG-IMMEDIATE | GC-PFAPA,0.111408,Y
all-mpnet-base-v2,r5_ablation,guardrail_corpus_v4_32items,A3.3,HIS_M,standard,GC-SCAR,GC-PCN-DELABEL,GC-SCAR,0.629423,0.519332,0.444425,GC-SCAR | GC-DRUG-IMMEDIATE | GC-AB-DEF,0.110091,Y
all-mpnet-base-v2,r5_ablation,guardrail_corpus_v4_32items,A3.3,ASI_F,standard,GC-SCAR,GC-PCN-DELABEL,GC-SCAR,0.637205,0.532649,0.447915,GC-SCAR | GC-DRUG-IMMEDIATE | GC-AB-DEF,0.104556,Y
all-mpnet-base-v2,r5_ablation,guardrail_corpus_v4_32items,A3.3,ASI_M,standard,GC-SCAR,GC-PCN-DELABEL,GC-SCAR,0.642264,0.538169,0.450102,GC-SCAR | GC-DRUG-IMMEDIATE | GC-AB-DEF,0.104095,Y
all-mpnet-base-v2,r5_ablation,guardrail_corpus_v4_32items,A3.E,WHI_F,edge,GC-SCAR,GC-PCN-DELABEL,GC-SCAR,0.654604,0.599044,0.59716,GC-SCAR | GC-IMMUNE-DYSREG | GC-AUTOINFLAM,0.05556,Y
all-mpnet-base-v2,r5_ablation,guardrail_corpus_v4_32items,A3.E,WHI_M,edge,GC-SCAR,GC-PCN-DELABEL,GC-SCAR,0.658563,0.595139,0.585765,GC-SCAR | GC-AUTOINFLAM | GC-IMMUNE-DYSREG,0.063425,Y
all-mpnet-base-v2,r5_ablation,guardrail_corpus_v4_32items,A3.E,BLA_F,edge,GC-SCAR,GC-PCN-DELABEL,GC-SCAR,0.660693,0.59419,0.588238,GC-SCAR | GC-IMMUNE-DYSREG | GC-AUTOINFLAM,0.066503,Y
all-mpnet-base-v2,r5_ablation,guardrail_corpus_v4_32items,A3.E,BLA_M,edge,GC-SCAR,GC-PCN-DELABEL,GC-SCAR,0.664809,0.586369,0.581202,GC-SCAR | GC-AUTOINFLAM | GC-IMMUNE-DYSREG,0.07844,Y
all-mpnet-base-v2,r5_ablation,guardrail_corpus_v4_32items,A3.E,HIS_F,edge,GC-SCAR,GC-PCN-DELABEL,GC-SCAR,0.644246,0.602043,0.588662,GC-SCAR | GC-IMMUNE-DYSREG | GC-AUTOINFLAM,0.042203,Y
all-mpnet-base-v2,r5_ablation,guardrail_corpus_v4_32items,A3.E,HIS_M,edge,GC-SCAR,GC-PCN-DELABEL,GC-SCAR,0.647154,0.588742,0.585354,GC-SCAR | GC-IMMUNE-DYSREG | GC-AUTOINFLAM,0.058412,Y
all-mpnet-base-v2,r5_ablation,guardrail_corpus_v4_32items,A3.E,ASI_F,edge,GC-SCAR,GC-PCN-DELABEL,GC-SCAR,0.662319,0.607425,0.597855,GC-SCAR | GC-AUTOINFLAM | GC-IMMUNE-DYSREG,0.054894,Y
all-mpnet-base-v2,r5_ablation,guardrail_corpus_v4_32items,A3.E,ASI_M,edge,GC-SCAR,GC-PCN-DELABEL,GC-SCAR,0.665149,0.60436,0.584835,GC-SCAR | GC-AUTOINFLAM | GC-IMMUNE-DYSREG,0.060789,Y
all-mpnet-base-v2,r5_ablation,guardrail_corpus_v4_32items,A4.1,WHI_F,standard,GC-AD-FOODAVOID,GC-IGE-FOOD,GC-AD-FOODAVOID,0.678621,0.629696,0.624461,GC-AD-FOODAVOID | GC-IGE-FOOD | GC-INTOL,0.048925,Y
all-mpnet-base-v2,r5_ablation,guardrail_corpus_v4_32items,A4.1,WHI_M,standard,GC-AD-FOODAVOID,GC-IGE-FOOD,GC-AD-FOODAVOID,0.685076,0.630712,0.627359,GC-AD-FOODAVOID | GC-IGE-FOOD | GC-INTOL,0.054363,Y
all-mpnet-base-v2,r5_ablation,guardrail_corpus_v4_32items,A4.1,BLA_F,standard,GC-AD-FOODAVOID,GC-IGE-FOOD,GC-AD-FOODAVOID,0.677475,0.635306,0.623589,GC-AD-FOODAVOID | GC-IGE-FOOD | GC-INTOL,0.04217,Y
all-mpnet-base-v2,r5_ablation,guardrail_corpus_v4_32items,A4.1,BLA_M,standard,GC-AD-FOODAVOID,GC-IGE-FOOD,GC-AD-FOODAVOID,0.6848,0.637247,0.62759,GC-AD-FOODAVOID | GC-IGE-FOOD | GC-INTOL,0.047553,Y
all-mpnet-base-v2,r5_ablation,guardrail_corpus_v4_32items,A4.1,HIS_F,standard,GC-AD-FOODAVOID,GC-IGE-FOOD,GC-AD-FOODAVOID,0.675916,0.626157,0.625682,GC-AD-FOODAVOID | GC-IGE-FOOD | GC-INTOL,0.049758,Y
all-mpnet-base-v2,r5_ablation,guardrail_corpus_v4_32items,A4.1,HIS_M,standard,GC-AD-FOODAVOID,GC-IGE-FOOD,GC-AD-FOODAVOID,0.682122,0.629093,0.628309,GC-AD-FOODAVOID | GC-INTOL | GC-IGE-FOOD,0.05303,Y
all-mpnet-base-v2,r5_ablation,guardrail_corpus_v4_32items,A4.1,ASI_F,standard,GC-AD-FOODAVOID,GC-IGE-FOOD,GC-AD-FOODAVOID,0.685526,0.637062,0.628198,GC-AD-FOODAVOID | GC-INTOL | GC-IGE-FOOD,0.048464,Y
all-mpnet-base-v2,r5_ablation,guardrail_corpus_v4_32items,A4.1,ASI_M,standard,GC-AD-FOODAVOID,GC-IGE-FOOD,GC-AD-FOODAVOID,0.69126,0.640299,0.630058,GC-AD-FOODAVOID | GC-INTOL | GC-IGE-FOOD,0.050961,Y
all-mpnet-base-v2,r5_ablation,guardrail_corpus_v4_32items,A4.2,WHI_F,standard,GC-AD-TREAT,GC-AD-FOODAVOID,GC-AD-TREAT,0.644572,0.575099,0.528039,GC-AD-TREAT | GC-ECZEMA-INFECT | GC-ECZEMA-HERPETICUM,0.069473,Y
all-mpnet-base-v2,r5_ablation,guardrail_corpus_v4_32items,A4.2,WHI_M,standard,GC-AD-TREAT,GC-AD-FOODAVOID,GC-AD-TREAT,0.645922,0.578595,0.525138,GC-AD-TREAT | GC-ECZEMA-INFECT | GC-ECZEMA-HERPETICUM,0.067327,Y
all-mpnet-base-v2,r5_ablation,guardrail_corpus_v4_32items,A4.2,BLA_F,standard,GC-AD-TREAT,GC-AD-FOODAVOID,GC-AD-TREAT,0.634776,0.568116,0.517629,GC-AD-TREAT | GC-ECZEMA-INFECT | GC-ECZEMA-HERPETICUM,0.06666,Y
all-mpnet-base-v2,r5_ablation,guardrail_corpus_v4_32items,A4.2,BLA_M,standard,GC-AD-TREAT,GC-AD-FOODAVOID,GC-AD-TREAT,0.637929,0.572551,0.514431,GC-AD-TREAT | GC-ECZEMA-INFECT | GC-ECZEMA-HERPETICUM,0.065378,Y
all-mpnet-base-v2,r5_ablation,guardrail_corpus_v4_32items,A4.2,HIS_F,standard,GC-AD-TREAT,GC-AD-FOODAVOID,GC-AD-TREAT,0.633085,0.550691,0.49352,GC-AD-TREAT | GC-ECZEMA-INFECT | GC-ECZEMA-HERPETICUM,0.082394,Y
all-mpnet-base-v2,r5_ablation,guardrail_corpus_v4_32items,A4.2,HIS_M,standard,GC-AD-TREAT,GC-AD-FOODAVOID,GC-AD-TREAT,0.635938,0.555999,0.49202,GC-AD-TREAT | GC-ECZEMA-INFECT | GC-ECZEMA-HERPETICUM,0.079939,Y
all-mpnet-base-v2,r5_ablation,guardrail_corpus_v4_32items,A4.2,ASI_F,standard,GC-AD-TREAT,GC-AD-FOODAVOID,GC-AD-TREAT,0.650182,0.583251,0.519049,GC-AD-TREAT | GC-ECZEMA-INFECT | GC-ECZEMA-HERPETICUM,0.066931,Y
all-mpnet-base-v2,r5_ablation,guardrail_corpus_v4_32items,A4.2,ASI_M,standard,GC-AD-TREAT,GC-AD-FOODAVOID,GC-AD-TREAT,0.652991,0.587583,0.518076,GC-AD-TREAT | GC-ECZEMA-INFECT | GC-ECZEMA-HERPETICUM,0.065408,Y
all-mpnet-base-v2,r5_ablation,guardrail_corpus_v4_32items,A4.3,WHI_F,standard,GC-ECZEMA-INFECT,GC-AD-FOODAVOID,GC-ECZEMA-INFECT,0.815084,0.685458,0.581478,GC-ECZEMA-INFECT | GC-ECZEMA-HERPETICUM | GC-AUTOINFLAM,0.129626,Y
all-mpnet-base-v2,r5_ablation,guardrail_corpus_v4_32items,A4.3,WHI_M,standard,GC-ECZEMA-INFECT,GC-AD-FOODAVOID,GC-ECZEMA-INFECT,0.817343,0.682724,0.586913,GC-ECZEMA-INFECT | GC-ECZEMA-HERPETICUM | GC-AUTOINFLAM,0.134619,Y
all-mpnet-base-v2,r5_ablation,guardrail_corpus_v4_32items,A4.3,BLA_F,standard,GC-ECZEMA-INFECT,GC-AD-FOODAVOID,GC-ECZEMA-INFECT,0.806559,0.684916,0.572663,GC-ECZEMA-INFECT | GC-ECZEMA-HERPETICUM | GC-AD-TREAT,0.121643,Y
all-mpnet-base-v2,r5_ablation,guardrail_corpus_v4_32items,A4.3,BLA_M,standard,GC-ECZEMA-INFECT,GC-AD-FOODAVOID,GC-ECZEMA-INFECT,0.809393,0.683148,0.577093,GC-ECZEMA-INFECT | GC-ECZEMA-HERPETICUM | GC-AUTOINFLAM,0.126246,Y
all-mpnet-base-v2,r5_ablation,guardrail_corpus_v4_32items,A4.3,HIS_F,standard,GC-ECZEMA-INFECT,GC-AD-FOODAVOID,GC-ECZEMA-INFECT,0.776945,0.649613,0.565935,GC-ECZEMA-INFECT | GC-ECZEMA-HERPETICUM | GC-AD-TREAT,0.127332,Y
all-mpnet-base-v2,r5_ablation,guardrail_corpus_v4_32items,A4.3,HIS_M,standard,GC-ECZEMA-INFECT,GC-AD-FOODAVOID,GC-ECZEMA-INFECT,0.780608,0.645657,0.567665,GC-ECZEMA-INFECT | GC-ECZEMA-HERPETICUM | GC-AUTOINFLAM,0.134951,Y
all-mpnet-base-v2,r5_ablation,guardrail_corpus_v4_32items,A4.3,ASI_F,standard,GC-ECZEMA-INFECT,GC-AD-FOODAVOID,GC-ECZEMA-INFECT,0.818867,0.667986,0.578724,GC-ECZEMA-INFECT | GC-ECZEMA-HERPETICUM | GC-AUTOINFLAM,0.150881,Y
all-mpnet-base-v2,r5_ablation,guardrail_corpus_v4_32items,A4.3,ASI_M,standard,GC-ECZEMA-INFECT,GC-AD-FOODAVOID,GC-ECZEMA-INFECT,0.822204,0.666011,0.585204,GC-ECZEMA-INFECT | GC-ECZEMA-HERPETICUM | GC-AUTOINFLAM,0.156193,Y
all-mpnet-base-v2,r5_ablation,guardrail_corpus_v4_32items,A4.E,WHI_F,edge,GC-ECZEMA-HERPETICUM,GC-ECZEMA-INFECT,GC-ECZEMA-HERPETICUM,0.85798,0.602914,0.578527,GC-ECZEMA-HERPETICUM | GC-ECZEMA-INFECT | GC-IMMUNE-DYSREG,0.255066,Y
all-mpnet-base-v2,r5_ablation,guardrail_corpus_v4_32items,A4.E,WHI_M,edge,GC-ECZEMA-HERPETICUM,GC-ECZEMA-INFECT,GC-ECZEMA-HERPETICUM,0.853805,0.600095,0.565903,GC-ECZEMA-HERPETICUM | GC-ECZEMA-INFECT | GC-IMMUNE-DYSREG,0.25371,Y
all-mpnet-base-v2,r5_ablation,guardrail_corpus_v4_32items,A4.E,BLA_F,edge,GC-ECZEMA-HERPETICUM,GC-ECZEMA-INFECT,GC-ECZEMA-HERPETICUM,0.851757,0.601023,0.572679,GC-ECZEMA-HERPETICUM | GC-ECZEMA-INFECT | GC-IMMUNE-DYSREG,0.250734,Y
all-mpnet-base-v2,r5_ablation,guardrail_corpus_v4_32items,A4.E,BLA_M,edge,GC-ECZEMA-HERPETICUM,GC-ECZEMA-INFECT,GC-ECZEMA-HERPETICUM,0.850025,0.600218,0.561583,GC-ECZEMA-HERPETICUM | GC-ECZEMA-INFECT | GC-SCAR,0.249808,Y
all-mpnet-base-v2,r5_ablation,guardrail_corpus_v4_32items,A4.E,HIS_F,edge,GC-ECZEMA-HERPETICUM,GC-ECZEMA-INFECT,GC-ECZEMA-HERPETICUM,0.830672,0.589832,0.589051,GC-ECZEMA-HERPETICUM | GC-ECZEMA-INFECT | GC-IMMUNE-DYSREG,0.240841,Y
all-mpnet-base-v2,r5_ablation,guardrail_corpus_v4_32items,A4.E,HIS_M,edge,GC-ECZEMA-HERPETICUM,GC-ECZEMA-INFECT,GC-ECZEMA-HERPETICUM,0.82696,0.589372,0.577817,GC-ECZEMA-HERPETICUM | GC-ECZEMA-INFECT | GC-IMMUNE-DYSREG,0.237588,Y
all-mpnet-base-v2,r5_ablation,guardrail_corpus_v4_32items,A4.E,ASI_F,edge,GC-ECZEMA-HERPETICUM,GC-ECZEMA-INFECT,GC-ECZEMA-HERPETICUM,0.854692,0.610431,0.567261,GC-ECZEMA-HERPETICUM | GC-ECZEMA-INFECT | GC-AD-TREAT,0.244262,Y
all-mpnet-base-v2,r5_ablation,guardrail_corpus_v4_32items,A4.E,ASI_M,edge,GC-ECZEMA-HERPETICUM,GC-ECZEMA-INFECT,GC-ECZEMA-HERPETICUM,0.850748,0.60916,0.563497,GC-ECZEMA-HERPETICUM | GC-ECZEMA-INFECT | GC-AD-TREAT,0.241588,Y
all-mpnet-base-v2,r5_ablation,guardrail_corpus_v4_32items,A5.1,WHI_F,standard,GC-ASTHMA-CONTROL,GC-ASTHMA-ACUTE,GC-ASTHMA-CONTROL,0.709483,0.599193,0.598095,GC-ASTHMA-CONTROL | GC-AB-DEF | GC-ASTHMA-ACUTE,0.11029,Y
all-mpnet-base-v2,r5_ablation,guardrail_corpus_v4_32items,A5.1,WHI_M,standard,GC-ASTHMA-CONTROL,GC-ASTHMA-ACUTE,GC-ASTHMA-CONTROL,0.714997,0.60344,0.600843,GC-ASTHMA-CONTROL | GC-ASTHMA-ACUTE | GC-AB-DEF,0.111557,Y
all-mpnet-base-v2,r5_ablation,guardrail_corpus_v4_32items,A5.1,BLA_F,standard,GC-ASTHMA-CONTROL,GC-ASTHMA-ACUTE,GC-ASTHMA-CONTROL,0.690829,0.582331,0.57565,GC-ASTHMA-CONTROL | GC-ASTHMA-ACUTE | GC-AB-DEF,0.108498,Y
all-mpnet-base-v2,r5_ablation,guardrail_corpus_v4_32items,A5.1,BLA_M,standard,GC-ASTHMA-CONTROL,GC-ASTHMA-ACUTE,GC-ASTHMA-CONTROL,0.697284,0.588315,0.577533,GC-ASTHMA-CONTROL | GC-ASTHMA-ACUTE | GC-AB-DEF,0.108969,Y
all-mpnet-base-v2,r5_ablation,guardrail_corpus_v4_32items,A5.1,HIS_F,standard,GC-ASTHMA-CONTROL,GC-ASTHMA-ACUTE,GC-ASTHMA-CONTROL,0.685077,0.574028,0.559381,GC-ASTHMA-CONTROL | GC-ASTHMA-ACUTE | GC-AB-DEF,0.11105,Y
all-mpnet-base-v2,r5_ablation,guardrail_corpus_v4_32items,A5.1,HIS_M,standard,GC-ASTHMA-CONTROL,GC-ASTHMA-ACUTE,GC-ASTHMA-CONTROL,0.68753,0.577907,0.557396,GC-ASTHMA-CONTROL | GC-ASTHMA-ACUTE | GC-AB-DEF,0.109623,Y
all-mpnet-base-v2,r5_ablation,guardrail_corpus_v4_32items,A5.1,ASI_F,standard,GC-ASTHMA-CONTROL,GC-ASTHMA-ACUTE,GC-ASTHMA-CONTROL,0.722238,0.611033,0.576739,GC-ASTHMA-CONTROL | GC-ASTHMA-ACUTE | GC-AB-DEF,0.111205,Y
all-mpnet-base-v2,r5_ablation,guardrail_corpus_v4_32items,A5.1,ASI_M,standard,GC-ASTHMA-CONTROL,GC-ASTHMA-ACUTE,GC-ASTHMA-CONTROL,0.725843,0.614005,0.57525,GC-ASTHMA-CONTROL | GC-ASTHMA-ACUTE | GC-AB-DEF,0.111838,Y
all-mpnet-base-v2,r5_ablation,guardrail_corpus_v4_32items,A5.2,WHI_F,standard,GC-ASTHMA-CONTROL,GC-ASTHMA-LIFE,GC-ASTHMA-ACUTE,0.594815,0.572674,0.554817,GC-ASTHMA-ACUTE | GC-IMMUNE-DYSREG | GC-ASTHMA-CONTROL,0.022141,PARTIAL
all-mpnet-base-v2,r5_ablation,guardrail_corpus_v4_32items,A5.2,WHI_M,standard,GC-ASTHMA-CONTROL,GC-ASTHMA-LIFE,GC-ASTHMA-ACUTE,0.602347,0.564937,0.557932,GC-ASTHMA-ACUTE | GC-ASTHMA-CONTROL | GC-IMMUNE-DYSREG,0.03741,PARTIAL
all-mpnet-base-v2,r5_ablation,guardrail_corpus_v4_32items,A5.2,BLA_F,standard,GC-ASTHMA-CONTROL,GC-ASTHMA-LIFE,GC-ASTHMA-ACUTE,0.584308,0.558578,0.549221,GC-ASTHMA-ACUTE | GC-IMMUNE-DYSREG | GC-ASTHMA-LIFE,0.02573,N
all-mpnet-base-v2,r5_ablation,guardrail_corpus_v4_32items,A5.2,BLA_M,standard,GC-ASTHMA-CONTROL,GC-ASTHMA-LIFE,GC-ASTHMA-ACUTE,0.593804,0.557497,0.553963,GC-ASTHMA-ACUTE | GC-ASTHMA-CONTROL | GC-ASTHMA-LIFE,0.036307,PARTIAL
all-mpnet-base-v2,r5_ablation,guardrail_corpus_v4_32items,A5.2,HIS_F,standard,GC-ASTHMA-CONTROL,GC-ASTHMA-LIFE,GC-ASTHMA-ACUTE,0.551159,0.536209,0.51719,GC-ASTHMA-ACUTE | GC-IMMUNE-DYSREG | GC-ASTHMA-CONTROL,0.01495,PARTIAL
all-mpnet-base-v2,r5_ablation,guardrail_corpus_v4_32items,A5.2,HIS_M,standard,GC-ASTHMA-CONTROL,GC-ASTHMA-LIFE,GC-ASTHMA-ACUTE,0.553438,0.526726,0.521715,GC-ASTHMA-ACUTE | GC-IMMUNE-DYSREG | GC-ASTHMA-CONTROL,0.026712,PARTIAL
all-mpnet-base-v2,r5_ablation,guardrail_corpus_v4_32items,A5.2,ASI_F,standard,GC-ASTHMA-CONTROL,GC-ASTHMA-LIFE,GC-ASTHMA-ACUTE,0.59687,0.550725,0.542259,GC-ASTHMA-ACUTE | GC-ASTHMA-CONTROL | GC-IMMUNE-DYSREG,0.046144,PARTIAL
all-mpnet-base-v2,r5_ablation,guardrail_corpus_v4_32items,A5.2,ASI_M,standard,GC-ASTHMA-CONTROL,GC-ASTHMA-LIFE,GC-ASTHMA-ACUTE,0.60222,0.559282,0.532796,GC-ASTHMA-ACUTE | GC-ASTHMA-CONTROL | GC-IMMUNE-DYSREG,0.042938,PARTIAL
all-mpnet-base-v2,r5_ablation,guardrail_corpus_v4_32items,A5.3,WHI_F,standard,GC-ASTHMA-LIFE,GC-ASTHMA-ACUTE,GC-ASTHMA-LIFE,0.622479,0.551886,0.489504,GC-ASTHMA-LIFE | GC-ASTHMA-CONTROL | GC-AB-DEF,0.070593,Y
all-mpnet-base-v2,r5_ablation,guardrail_corpus_v4_32items,A5.3,WHI_M,standard,GC-ASTHMA-LIFE,GC-ASTHMA-ACUTE,GC-ASTHMA-LIFE,0.62968,0.547572,0.495254,GC-ASTHMA-LIFE | GC-ASTHMA-CONTROL | GC-AB-DEF,0.082109,Y
all-mpnet-base-v2,r5_ablation,guardrail_corpus_v4_32items,A5.3,BLA_F,standard,GC-ASTHMA-LIFE,GC-ASTHMA-ACUTE,GC-ASTHMA-LIFE,0.621461,0.541122,0.46987,GC-ASTHMA-LIFE | GC-ASTHMA-CONTROL | GC-AB-DEF,0.080338,Y
all-mpnet-base-v2,r5_ablation,guardrail_corpus_v4_32items,A5.3,BLA_M,standard,GC-ASTHMA-LIFE,GC-ASTHMA-ACUTE,GC-ASTHMA-LIFE,0.628283,0.537006,0.475855,GC-ASTHMA-LIFE | GC-ASTHMA-CONTROL | GC-AB-DEF,0.091277,Y
all-mpnet-base-v2,r5_ablation,guardrail_corpus_v4_32items,A5.3,HIS_F,standard,GC-ASTHMA-LIFE,GC-ASTHMA-ACUTE,GC-ASTHMA-LIFE,0.591573,0.559398,0.480371,GC-ASTHMA-LIFE | GC-ASTHMA-CONTROL | GC-AB-DEF,0.032175,Y
all-mpnet-base-v2,r5_ablation,guardrail_corpus_v4_32items,A5.3,HIS_M,standard,GC-ASTHMA-LIFE,GC-ASTHMA-ACUTE,GC-ASTHMA-LIFE,0.599766,0.555721,0.481763,GC-ASTHMA-LIFE | GC-ASTHMA-CONTROL | GC-AB-DEF,0.044045,Y
all-mpnet-base-v2,r5_ablation,guardrail_corpus_v4_32items,A5.3,ASI_F,standard,GC-ASTHMA-LIFE,GC-ASTHMA-ACUTE,GC-ASTHMA-LIFE,0.604056,0.559454,0.482579,GC-ASTHMA-LIFE | GC-ASTHMA-CONTROL | GC-ASTHMA-ACUTE,0.044602,Y
all-mpnet-base-v2,r5_ablation,guardrail_corpus_v4_32items,A5.3,ASI_M,standard,GC-ASTHMA-LIFE,GC-ASTHMA-ACUTE,GC-ASTHMA-LIFE,0.608172,0.553039,0.47972,GC-ASTHMA-LIFE | GC-ASTHMA-CONTROL | GC-ASTHMA-ACUTE,0.055132,Y
all-mpnet-base-v2,r5_ablation,guardrail_corpus_v4_32items,A5.E,WHI_F,edge,GC-ASTHMA-LIFE,GC-ASTHMA-ACUTE,GC-ASTHMA-LIFE,0.726039,0.520895,0.518989,GC-ASTHMA-LIFE | GC-ASTHMA-CONTROL | GC-ASTHMA-ACUTE,0.205144,Y
all-mpnet-base-v2,r5_ablation,guardrail_corpus_v4_32items,A5.E,WHI_M,edge,GC-ASTHMA-LIFE,GC-ASTHMA-ACUTE,GC-ASTHMA-LIFE,0.733534,0.525214,0.523821,GC-ASTHMA-LIFE | GC-ASTHMA-ACUTE | GC-ASTHMA-CONTROL,0.20832,Y
all-mpnet-base-v2,r5_ablation,guardrail_corpus_v4_32items,A5.E,BLA_F,edge,GC-ASTHMA-LIFE,GC-ASTHMA-ACUTE,GC-ASTHMA-LIFE,0.733304,0.528862,0.526897,GC-ASTHMA-LIFE | GC-ASTHMA-CONTROL | GC-ASTHMA-ACUTE,0.204442,Y
all-mpnet-base-v2,r5_ablation,guardrail_corpus_v4_32items,A5.E,BLA_M,edge,GC-ASTHMA-LIFE,GC-ASTHMA-ACUTE,GC-ASTHMA-LIFE,0.742359,0.533561,0.532868,GC-ASTHMA-LIFE | GC-ASTHMA-ACUTE | GC-ASTHMA-CONTROL,0.208797,Y
all-mpnet-base-v2,r5_ablation,guardrail_corpus_v4_32items,A5.E,HIS_F,edge,GC-ASTHMA-LIFE,GC-ASTHMA-ACUTE,GC-ASTHMA-LIFE,0.722713,0.549362,0.541051,GC-ASTHMA-LIFE | GC-ASTHMA-CONTROL | GC-ASTHMA-ACUTE,0.173351,Y
all-mpnet-base-v2,r5_ablation,guardrail_corpus_v4_32items,A5.E,HIS_M,edge,GC-ASTHMA-LIFE,GC-ASTHMA-ACUTE,GC-ASTHMA-LIFE,0.726572,0.547419,0.542937,GC-ASTHMA-LIFE | GC-ASTHMA-CONTROL | GC-ASTHMA-ACUTE,0.179154,Y
all-mpnet-base-v2,r5_ablation,guardrail_corpus_v4_32items,A5.E,ASI_F,edge,GC-ASTHMA-LIFE,GC-ASTHMA-ACUTE,GC-ASTHMA-LIFE,0.742118,0.557494,0.551738,GC-ASTHMA-LIFE | GC-ASTHMA-CONTROL | GC-ASTHMA-ACUTE,0.184623,Y
all-mpnet-base-v2,r5_ablation,guardrail_corpus_v4_32items,A5.E,ASI_M,edge,GC-ASTHMA-LIFE,GC-ASTHMA-ACUTE,GC-ASTHMA-LIFE,0.744654,0.554413,0.552296,GC-ASTHMA-LIFE | GC-ASTHMA-CONTROL | GC-ASTHMA-ACUTE,0.190241,Y
all-mpnet-base-v2,r5_ablation,guardrail_corpus_v4_32items,A6.1,WHI_F,standard,GC-URT-CHRONIC,GC-IGE-FOOD,GC-URT-CHRONIC,0.76321,0.611819,0.582582,GC-URT-CHRONIC | GC-URT-ACUTE | GC-ECZEMA-INFECT,0.151391,Y
all-mpnet-base-v2,r5_ablation,guardrail_corpus_v4_32items,A6.1,WHI_M,standard,GC-URT-CHRONIC,GC-IGE-FOOD,GC-URT-CHRONIC,0.77522,0.620783,0.580238,GC-URT-CHRONIC | GC-URT-ACUTE | GC-ECZEMA-INFECT,0.154437,Y
all-mpnet-base-v2,r5_ablation,guardrail_corpus_v4_32items,A6.1,BLA_F,standard,GC-URT-CHRONIC,GC-IGE-FOOD,GC-URT-CHRONIC,0.752888,0.604355,0.570228,GC-URT-CHRONIC | GC-URT-ACUTE | GC-ECZEMA-INFECT,0.148533,Y
all-mpnet-base-v2,r5_ablation,guardrail_corpus_v4_32items,A6.1,BLA_M,standard,GC-URT-CHRONIC,GC-IGE-FOOD,GC-URT-CHRONIC,0.762096,0.613265,0.567428,GC-URT-CHRONIC | GC-URT-ACUTE | GC-ECZEMA-INFECT,0.148831,Y
all-mpnet-base-v2,r5_ablation,guardrail_corpus_v4_32items,A6.1,HIS_F,standard,GC-URT-CHRONIC,GC-IGE-FOOD,GC-URT-CHRONIC,0.747464,0.591331,0.558256,GC-URT-CHRONIC | GC-URT-ACUTE | GC-ECZEMA-INFECT,0.156134,Y
all-mpnet-base-v2,r5_ablation,guardrail_corpus_v4_32items,A6.1,HIS_M,standard,GC-URT-CHRONIC,GC-IGE-FOOD,GC-URT-CHRONIC,0.757344,0.600829,0.556919,GC-URT-CHRONIC | GC-URT-ACUTE | GC-ECZEMA-INFECT,0.156515,Y
all-mpnet-base-v2,r5_ablation,guardrail_corpus_v4_32items,A6.1,ASI_F,standard,GC-URT-CHRONIC,GC-IGE-FOOD,GC-URT-CHRONIC,0.775324,0.600012,0.585234,GC-URT-CHRONIC | GC-URT-ACUTE | GC-ECZEMA-INFECT,0.175312,Y
all-mpnet-base-v2,r5_ablation,guardrail_corpus_v4_32items,A6.1,ASI_M,standard,GC-URT-CHRONIC,GC-IGE-FOOD,GC-URT-CHRONIC,0.784485,0.609096,0.582536,GC-URT-CHRONIC | GC-URT-ACUTE | GC-ECZEMA-INFECT,0.17539,Y
all-mpnet-base-v2,r5_ablation,guardrail_corpus_v4_32items,A6.2,WHI_F,standard,GC-URT-ACUTE,GC-IGE-FOOD,GC-URT-ACUTE,0.757348,0.63337,0.625471,GC-URT-ACUTE | GC-AUTOINFLAM | GC-URT-CHRONIC,0.123978,Y
all-mpnet-base-v2,r5_ablation,guardrail_corpus_v4_32items,A6.2,WHI_M,standard,GC-URT-ACUTE,GC-IGE-FOOD,GC-URT-ACUTE,0.764642,0.637017,0.636075,GC-URT-ACUTE | GC-URT-CHRONIC | GC-AUTOINFLAM,0.127624,Y
all-mpnet-base-v2,r5_ablation,guardrail_corpus_v4_32items,A6.2,BLA_F,standard,GC-URT-ACUTE,GC-IGE-FOOD,GC-URT-ACUTE,0.744296,0.61688,0.616613,GC-URT-ACUTE | GC-URT-CHRONIC | GC-AUTOINFLAM,0.127416,Y
all-mpnet-base-v2,r5_ablation,guardrail_corpus_v4_32items,A6.2,BLA_M,standard,GC-URT-ACUTE,GC-IGE-FOOD,GC-URT-ACUTE,0.752967,0.630553,0.620066,GC-URT-ACUTE | GC-URT-CHRONIC | GC-AUTOINFLAM,0.122413,Y
all-mpnet-base-v2,r5_ablation,guardrail_corpus_v4_32items,A6.2,HIS_F,standard,GC-URT-ACUTE,GC-IGE-FOOD,GC-URT-ACUTE,0.730049,0.615568,0.614874,GC-URT-ACUTE | GC-AUTOINFLAM | GC-URT-CHRONIC,0.114482,Y
all-mpnet-base-v2,r5_ablation,guardrail_corpus_v4_32items,A6.2,HIS_M,standard,GC-URT-ACUTE,GC-IGE-FOOD,GC-URT-ACUTE,0.739966,0.628965,0.620373,GC-URT-ACUTE | GC-URT-CHRONIC | GC-AUTOINFLAM,0.111001,Y
all-mpnet-base-v2,r5_ablation,guardrail_corpus_v4_32items,A6.2,ASI_F,standard,GC-URT-ACUTE,GC-IGE-FOOD,GC-URT-ACUTE,0.749521,0.640449,0.636683,GC-URT-ACUTE | GC-URT-CHRONIC | GC-AUTOINFLAM,0.109072,Y
all-mpnet-base-v2,r5_ablation,guardrail_corpus_v4_32items,A6.2,ASI_M,standard,GC-URT-ACUTE,GC-IGE-FOOD,GC-URT-ACUTE,0.75629,0.650022,0.637985,GC-URT-ACUTE | GC-URT-CHRONIC | GC-AUTOINFLAM,0.106268,Y
all-mpnet-base-v2,r5_ablation,guardrail_corpus_v4_32items,A6.3,WHI_F,standard,GC-ANGIO-HISTAMINE,GC-HAE,GC-ECZEMA-INFECT,0.615074,0.607523,0.601057,GC-ECZEMA-INFECT | GC-URT-CHRONIC | GC-URT-ACUTE,0.007551,N
all-mpnet-base-v2,r5_ablation,guardrail_corpus_v4_32items,A6.3,WHI_M,standard,GC-ANGIO-HISTAMINE,GC-HAE,GC-URT-CHRONIC,0.614569,0.604247,0.60261,GC-URT-CHRONIC | GC-ECZEMA-INFECT | GC-URT-ACUTE,0.010322,N
all-mpnet-base-v2,r5_ablation,guardrail_corpus_v4_32items,A6.3,BLA_F,standard,GC-ANGIO-HISTAMINE,GC-HAE,GC-ECZEMA-INFECT,0.601785,0.591577,0.590528,GC-ECZEMA-INFECT | GC-URT-ACUTE | GC-URT-CHRONIC,0.010207,N
all-mpnet-base-v2,r5_ablation,guardrail_corpus_v4_32items,A6.3,BLA_M,standard,GC-ANGIO-HISTAMINE,GC-HAE,GC-URT-CHRONIC,0.598189,0.594388,0.591324,GC-URT-CHRONIC | GC-URT-ACUTE | GC-ECZEMA-INFECT,0.003801,N
all-mpnet-base-v2,r5_ablation,guardrail_corpus_v4_32items,A6.3,HIS_F,standard,GC-ANGIO-HISTAMINE,GC-HAE,GC-ECZEMA-INFECT,0.595215,0.595046,0.589699,GC-ECZEMA-INFECT | GC-URT-CHRONIC | GC-URT-ACUTE,0.000169,N
all-mpnet-base-v2,r5_ablation,guardrail_corpus_v4_32items,A6.3,HIS_M,standard,GC-ANGIO-HISTAMINE,GC-HAE,GC-URT-CHRONIC,0.60099,0.59125,0.585522,GC-URT-CHRONIC | GC-URT-ACUTE | GC-ECZEMA-INFECT,0.009739,N
all-mpnet-base-v2,r5_ablation,guardrail_corpus_v4_32items,A6.3,ASI_F,standard,GC-ANGIO-HISTAMINE,GC-HAE,GC-URT-CHRONIC,0.619702,0.613938,0.592142,GC-URT-CHRONIC | GC-ECZEMA-INFECT | GC-URT-ACUTE,0.005764,N
all-mpnet-base-v2,r5_ablation,guardrail_corpus_v4_32items,A6.3,ASI_M,standard,GC-ANGIO-HISTAMINE,GC-HAE,GC-URT-CHRONIC,0.623785,0.604055,0.593422,GC-URT-CHRONIC | GC-ECZEMA-INFECT | GC-URT-ACUTE,0.019731,N
all-mpnet-base-v2,r5_ablation,guardrail_corpus_v4_32items,A6.E,WHI_F,edge,GC-HAE,GC-ANGIO-HISTAMINE,GC-ANA,0.625934,0.616762,0.597321,GC-ANA | GC-IMMUNE-DYSREG | GC-ECZEMA-INFECT,0.009172,N
all-mpnet-base-v2,r5_ablation,guardrail_corpus_v4_32items,A6.E,WHI_M,edge,GC-HAE,GC-ANGIO-HISTAMINE,GC-ANA,0.626333,0.604043,0.600919,GC-ANA | GC-IMMUNE-DYSREG | GC-ECZEMA-INFECT,0.02229,N
all-mpnet-base-v2,r5_ablation,guardrail_corpus_v4_32items,A6.E,BLA_F,edge,GC-HAE,GC-ANGIO-HISTAMINE,GC-ANA,0.626585,0.606286,0.585614,GC-ANA | GC-IMMUNE-DYSREG | GC-FPIES,0.020298,N
all-mpnet-base-v2,r5_ablation,guardrail_corpus_v4_32items,A6.E,BLA_M,edge,GC-HAE,GC-ANGIO-HISTAMINE,GC-ANA,0.625022,0.59849,0.592446,GC-ANA | GC-FPIES | GC-IMMUNE-DYSREG,0.026532,N
all-mpnet-base-v2,r5_ablation,guardrail_corpus_v4_32items,A6.E,HIS_F,edge,GC-HAE,GC-ANGIO-HISTAMINE,GC-ANA,0.618192,0.603507,0.5819,GC-ANA | GC-IMMUNE-DYSREG | GC-FPIES,0.014685,N
all-mpnet-base-v2,r5_ablation,guardrail_corpus_v4_32items,A6.E,HIS_M,edge,GC-HAE,GC-ANGIO-HISTAMINE,GC-ANA,0.618643,0.59348,0.589021,GC-ANA | GC-FPIES | GC-IMMUNE-DYSREG,0.025162,N
all-mpnet-base-v2,r5_ablation,guardrail_corpus_v4_32items,A6.E,ASI_F,edge,GC-HAE,GC-ANGIO-HISTAMINE,GC-ANA,0.620013,0.600092,0.59387,GC-ANA | GC-IMMUNE-DYSREG | GC-HAE,0.019921,PARTIAL
all-mpnet-base-v2,r5_ablation,guardrail_corpus_v4_32items,A6.E,ASI_M,edge,GC-HAE,GC-ANGIO-HISTAMINE,GC-ANA,0.621357,0.601731,0.59909,GC-ANA | GC-HAE | GC-FPIES,0.019626,PARTIAL
all-MiniLM-L6-v2,primary_frozen,guardrail_corpus_v4_32items,A1.1,WHI_F,standard,GC-ANA,GC-ANGIO-HISTAMINE,GC-OAS,0.477214,0.442854,0.437948,GC-OAS | GC-URT-CHRONIC | GC-ANA,0.03436,PARTIAL
all-MiniLM-L6-v2,primary_frozen,guardrail_corpus_v4_32items,A1.1,WHI_M,standard,GC-ANA,GC-ANGIO-HISTAMINE,GC-OAS,0.478109,0.431341,0.431243,GC-OAS | GC-URT-ACUTE | GC-URT-CHRONIC,0.046768,N
all-MiniLM-L6-v2,primary_frozen,guardrail_corpus_v4_32items,A1.1,BLA_F,standard,GC-ANA,GC-ANGIO-HISTAMINE,GC-OAS,0.46042,0.452522,0.450334,GC-OAS | GC-URT-CHRONIC | GC-ANA,0.007897,PARTIAL
all-MiniLM-L6-v2,primary_frozen,guardrail_corpus_v4_32items,A1.1,BLA_M,standard,GC-ANA,GC-ANGIO-HISTAMINE,GC-OAS,0.459865,0.438315,0.429646,GC-OAS | GC-URT-CHRONIC | GC-ANA,0.021551,PARTIAL
all-MiniLM-L6-v2,primary_frozen,guardrail_corpus_v4_32items,A1.1,HIS_F,standard,GC-ANA,GC-ANGIO-HISTAMINE,GC-OAS,0.493471,0.468276,0.464349,GC-OAS | GC-ANA | GC-URT-CHRONIC,0.025195,PARTIAL
all-MiniLM-L6-v2,primary_frozen,guardrail_corpus_v4_32items,A1.1,HIS_M,standard,GC-ANA,GC-ANGIO-HISTAMINE,GC-OAS,0.496321,0.455201,0.45252,GC-OAS | GC-ANA | GC-URT-CHRONIC,0.041121,PARTIAL
all-MiniLM-L6-v2,primary_frozen,guardrail_corpus_v4_32items,A1.1,ASI_F,standard,GC-ANA,GC-ANGIO-HISTAMINE,GC-OAS,0.487339,0.461606,0.457593,GC-OAS | GC-ANA | GC-URT-CHRONIC,0.025733,PARTIAL
all-MiniLM-L6-v2,primary_frozen,guardrail_corpus_v4_32items,A1.1,ASI_M,standard,GC-ANA,GC-ANGIO-HISTAMINE,GC-OAS,0.491038,0.450708,0.449045,GC-OAS | GC-URT-CHRONIC | GC-ANA,0.04033,PARTIAL
all-MiniLM-L6-v2,primary_frozen,guardrail_corpus_v4_32items,A1.2,WHI_F,standard,GC-ANA,GC-URT-ACUTE,GC-ECZEMA-INFECT,0.558661,0.512623,0.467015,GC-ECZEMA-INFECT | GC-ANA | GC-ECZEMA-HERPETICUM,0.046037,PARTIAL
all-MiniLM-L6-v2,primary_frozen,guardrail_corpus_v4_32items,A1.2,WHI_M,standard,GC-ANA,GC-URT-ACUTE,GC-ECZEMA-INFECT,0.558206,0.487132,0.463267,GC-ECZEMA-INFECT | GC-ANA | GC-HAE,0.071074,PARTIAL
all-MiniLM-L6-v2,primary_frozen,guardrail_corpus_v4_32items,A1.2,BLA_F,standard,GC-ANA,GC-URT-ACUTE,GC-ECZEMA-INFECT,0.568719,0.533391,0.465447,GC-ECZEMA-INFECT | GC-ANA | GC-URT-CHRONIC,0.035327,PARTIAL
all-MiniLM-L6-v2,primary_frozen,guardrail_corpus_v4_32items,A1.2,BLA_M,standard,GC-ANA,GC-URT-ACUTE,GC-ECZEMA-INFECT,0.56694,0.5077,0.46197,GC-ECZEMA-INFECT | GC-ANA | GC-HAE,0.05924,PARTIAL
all-MiniLM-L6-v2,primary_frozen,guardrail_corpus_v4_32items,A1.2,HIS_F,standard,GC-ANA,GC-URT-ACUTE,GC-ECZEMA-INFECT,0.568424,0.526436,0.464362,GC-ECZEMA-INFECT | GC-ANA | GC-HAE,0.041987,PARTIAL
all-MiniLM-L6-v2,primary_frozen,guardrail_corpus_v4_32items,A1.2,HIS_M,standard,GC-ANA,GC-URT-ACUTE,GC-ECZEMA-INFECT,0.569411,0.507645,0.469394,GC-ECZEMA-INFECT | GC-ANA | GC-HAE,0.061766,PARTIAL
all-MiniLM-L6-v2,primary_frozen,guardrail_corpus_v4_32items,A1.2,ASI_F,standard,GC-ANA,GC-URT-ACUTE,GC-ECZEMA-INFECT,0.558767,0.541831,0.469006,GC-ECZEMA-INFECT | GC-ANA | GC-URT-CHRONIC,0.016937,PARTIAL
all-MiniLM-L6-v2,primary_frozen,guardrail_corpus_v4_32items,A1.2,ASI_M,standard,GC-ANA,GC-URT-ACUTE,GC-ECZEMA-INFECT,0.563546,0.524835,0.472935,GC-ECZEMA-INFECT | GC-ANA | GC-HAE,0.038711,PARTIAL
all-MiniLM-L6-v2,primary_frozen,guardrail_corpus_v4_32items,A1.3,WHI_F,standard,GC-ANA,GC-ANGIO-HISTAMINE,GC-URT-CHRONIC,0.604878,0.596384,0.575258,GC-URT-CHRONIC | GC-OAS | GC-ANA,0.008494,PARTIAL
all-MiniLM-L6-v2,primary_frozen,guardrail_corpus_v4_32items,A1.3,WHI_M,standard,GC-ANA,GC-ANGIO-HISTAMINE,GC-URT-CHRONIC,0.591062,0.588419,0.555115,GC-URT-CHRONIC | GC-OAS | GC-ANA,0.002643,PARTIAL
all-MiniLM-L6-v2,primary_frozen,guardrail_corpus_v4_32items,A1.3,BLA_F,standard,GC-ANA,GC-ANGIO-HISTAMINE,GC-URT-CHRONIC,0.609667,0.583272,0.5831,GC-URT-CHRONIC | GC-ANA | GC-OAS,0.026395,PARTIAL
all-MiniLM-L6-v2,primary_frozen,guardrail_corpus_v4_32items,A1.3,BLA_M,standard,GC-ANA,GC-ANGIO-HISTAMINE,GC-URT-CHRONIC,0.593544,0.573756,0.561731,GC-URT-CHRONIC | GC-OAS | GC-ANA,0.019789,PARTIAL
all-MiniLM-L6-v2,primary_frozen,guardrail_corpus_v4_32items,A1.3,HIS_F,standard,GC-ANA,GC-ANGIO-HISTAMINE,GC-OAS,0.608079,0.607913,0.573454,GC-OAS | GC-URT-CHRONIC | GC-ANA,0.000166,PARTIAL
all-MiniLM-L6-v2,primary_frozen,guardrail_corpus_v4_32items,A1.3,HIS_M,standard,GC-ANA,GC-ANGIO-HISTAMINE,GC-OAS,0.603221,0.596434,0.562195,GC-OAS | GC-URT-CHRONIC | GC-ANA,0.006787,PARTIAL
all-MiniLM-L6-v2,primary_frozen,guardrail_corpus_v4_32items,A1.3,ASI_F,standard,GC-ANA,GC-ANGIO-HISTAMINE,GC-URT-CHRONIC,0.610929,0.60082,0.587808,GC-URT-CHRONIC | GC-OAS | GC-ANA,0.010109,PARTIAL
all-MiniLM-L6-v2,primary_frozen,guardrail_corpus_v4_32items,A1.3,ASI_M,standard,GC-ANA,GC-ANGIO-HISTAMINE,GC-URT-CHRONIC,0.600188,0.594035,0.572644,GC-URT-CHRONIC | GC-OAS | GC-ANA,0.006153,PARTIAL
all-MiniLM-L6-v2,primary_frozen,guardrail_corpus_v4_32items,A1.E,WHI_F,edge,GC-ANA,GC-ASTHMA-ACUTE,GC-ANA,0.500983,0.475142,0.468463,GC-ANA | GC-ASTHMA-CONTROL | GC-ASTHMA-LIFE,0.025841,Y
all-MiniLM-L6-v2,primary_frozen,guardrail_corpus_v4_32items,A1.E,WHI_M,edge,GC-ANA,GC-ASTHMA-ACUTE,GC-ANA,0.479837,0.464719,0.463388,GC-ANA | GC-ASTHMA-CONTROL | GC-ASTHMA-LIFE,0.015119,Y
all-MiniLM-L6-v2,primary_frozen,guardrail_corpus_v4_32items,A1.E,BLA_F,edge,GC-ANA,GC-ASTHMA-ACUTE,GC-ANA,0.505584,0.474512,0.456458,GC-ANA | GC-ASTHMA-CONTROL | GC-ASTHMA-LIFE,0.031072,Y
all-MiniLM-L6-v2,primary_frozen,guardrail_corpus_v4_32items,A1.E,BLA_M,edge,GC-ANA,GC-ASTHMA-ACUTE,GC-ANA,0.483726,0.463551,0.450225,GC-ANA | GC-ASTHMA-CONTROL | GC-ASTHMA-LIFE,0.020175,Y
all-MiniLM-L6-v2,primary_frozen,guardrail_corpus_v4_32items,A1.E,HIS_F,edge,GC-ANA,GC-ASTHMA-ACUTE,GC-ANA,0.517385,0.474587,0.464432,GC-ANA | GC-ASTHMA-CONTROL | GC-ASTHMA-LIFE,0.042797,Y
all-MiniLM-L6-v2,primary_frozen,guardrail_corpus_v4_32items,A1.E,HIS_M,edge,GC-ANA,GC-ASTHMA-ACUTE,GC-ANA,0.500727,0.464845,0.458999,GC-ANA | GC-ASTHMA-CONTROL | GC-ASTHMA-LIFE,0.035882,Y
all-MiniLM-L6-v2,primary_frozen,guardrail_corpus_v4_32items,A1.E,ASI_F,edge,GC-ANA,GC-ASTHMA-ACUTE,GC-ANA,0.510191,0.469347,0.452143,GC-ANA | GC-ASTHMA-CONTROL | GC-ASTHMA-LIFE,0.040844,Y
all-MiniLM-L6-v2,primary_frozen,guardrail_corpus_v4_32items,A1.E,ASI_M,edge,GC-ANA,GC-ASTHMA-ACUTE,GC-ANA,0.492366,0.463019,0.448372,GC-ANA | GC-ASTHMA-CONTROL | GC-ASTHMA-LIFE,0.029347,Y
all-MiniLM-L6-v2,primary_frozen,guardrail_corpus_v4_32items,A2.1,WHI_F,standard,GC-IGE-FOOD,GC-INTOL,GC-INTOL,0.448473,0.424229,0.379757,GC-INTOL | GC-FPIES | GC-OAS,0.024244,N
all-MiniLM-L6-v2,primary_frozen,guardrail_corpus_v4_32items,A2.1,WHI_M,standard,GC-IGE-FOOD,GC-INTOL,GC-INTOL,0.440058,0.422249,0.37644,GC-INTOL | GC-FPIES | GC-OAS,0.017809,N
all-MiniLM-L6-v2,primary_frozen,guardrail_corpus_v4_32items,A2.1,BLA_F,standard,GC-IGE-FOOD,GC-INTOL,GC-INTOL,0.466447,0.424343,0.378551,GC-INTOL | GC-FPIES | GC-IGE-FOOD,0.042104,PARTIAL
all-MiniLM-L6-v2,primary_frozen,guardrail_corpus_v4_32items,A2.1,BLA_M,standard,GC-IGE-FOOD,GC-INTOL,GC-INTOL,0.453813,0.418978,0.363048,GC-INTOL | GC-FPIES | GC-IGE-FOOD,0.034835,PARTIAL
all-MiniLM-L6-v2,primary_frozen,guardrail_corpus_v4_32items,A2.1,HIS_F,standard,GC-IGE-FOOD,GC-INTOL,GC-INTOL,0.504374,0.438483,0.431664,GC-INTOL | GC-FPIES | GC-IGE-FOOD,0.065891,PARTIAL
all-MiniLM-L6-v2,primary_frozen,guardrail_corpus_v4_32items,A2.1,HIS_M,standard,GC-IGE-FOOD,GC-INTOL,GC-INTOL,0.495727,0.434402,0.41816,GC-INTOL | GC-FPIES | GC-IGE-FOOD,0.061325,PARTIAL
all-MiniLM-L6-v2,primary_frozen,guardrail_corpus_v4_32items,A2.1,ASI_F,standard,GC-IGE-FOOD,GC-INTOL,GC-INTOL,0.48419,0.423867,0.399292,GC-INTOL | GC-FPIES | GC-OAS,0.060323,N
all-MiniLM-L6-v2,primary_frozen,guardrail_corpus_v4_32items,A2.1,ASI_M,standard,GC-IGE-FOOD,GC-INTOL,GC-INTOL,0.483606,0.424808,0.397438,GC-INTOL | GC-FPIES | GC-OAS,0.058798,N
all-MiniLM-L6-v2,primary_frozen,guardrail_corpus_v4_32items,A2.2,WHI_F,standard,GC-INTOL,GC-IGE-FOOD,GC-OAS,0.372946,0.364952,0.361309,GC-OAS | GC-INTOL | GC-HAE,0.007994,PARTIAL
all-MiniLM-L6-v2,primary_frozen,guardrail_corpus_v4_32items,A2.2,WHI_M,standard,GC-INTOL,GC-IGE-FOOD,GC-OAS,0.368982,0.363177,0.361414,GC-OAS | GC-FPIES | GC-INTOL,0.005805,PARTIAL
all-MiniLM-L6-v2,primary_frozen,guardrail_corpus_v4_32items,A2.2,BLA_F,standard,GC-INTOL,GC-IGE-FOOD,GC-INTOL,0.377434,0.359894,0.353782,GC-INTOL | GC-OAS | GC-HAE,0.01754,Y
all-MiniLM-L6-v2,primary_frozen,guardrail_corpus_v4_32items,A2.2,BLA_M,standard,GC-INTOL,GC-IGE-FOOD,GC-INTOL,0.371874,0.358177,0.353941,GC-INTOL | GC-FPIES | GC-OAS,0.013697,Y
all-MiniLM-L6-v2,primary_frozen,guardrail_corpus_v4_32items,A2.2,HIS_F,standard,GC-INTOL,GC-IGE-FOOD,GC-INTOL,0.398611,0.389846,0.359983,GC-INTOL | GC-OAS | GC-HAE,0.008765,Y
all-MiniLM-L6-v2,primary_frozen,guardrail_corpus_v4_32items,A2.2,HIS_M,standard,GC-INTOL,GC-IGE-FOOD,GC-INTOL,0.393789,0.386854,0.362001,GC-INTOL | GC-OAS | GC-FPIES,0.006935,Y
all-MiniLM-L6-v2,primary_frozen,guardrail_corpus_v4_32items,A2.2,ASI_F,standard,GC-INTOL,GC-IGE-FOOD,GC-INTOL,0.402645,0.401952,0.365809,GC-INTOL | GC-OAS | GC-HAE,0.000694,Y
all-MiniLM-L6-v2,primary_frozen,guardrail_corpus_v4_32items,A2.2,ASI_M,standard,GC-INTOL,GC-IGE-FOOD,GC-INTOL,0.405329,0.399977,0.370239,GC-INTOL | GC-OAS | GC-HAE,0.005353,Y
all-MiniLM-L6-v2,primary_frozen,guardrail_corpus_v4_32items,A2.3,WHI_F,standard,GC-OAS,GC-IGE-FOOD,GC-OAS,0.702518,0.445949,0.429875,GC-OAS | GC-ECZEMA-INFECT | GC-URT-ACUTE,0.256569,Y
all-MiniLM-L6-v2,primary_frozen,guardrail_corpus_v4_32items,A2.3,WHI_M,standard,GC-OAS,GC-IGE-FOOD,GC-OAS,0.690806,0.446529,0.422489,GC-OAS | GC-ECZEMA-INFECT | GC-URT-ACUTE,0.244278,Y
all-MiniLM-L6-v2,primary_frozen,guardrail_corpus_v4_32items,A2.3,BLA_F,standard,GC-OAS,GC-IGE-FOOD,GC-OAS,0.693324,0.451402,0.425975,GC-OAS | GC-ECZEMA-INFECT | GC-URT-ACUTE,0.241923,Y
all-MiniLM-L6-v2,primary_frozen,guardrail_corpus_v4_32items,A2.3,BLA_M,standard,GC-OAS,GC-IGE-FOOD,GC-OAS,0.676625,0.449421,0.416614,GC-OAS | GC-ECZEMA-INFECT | GC-URT-ACUTE,0.227204,Y
all-MiniLM-L6-v2,primary_frozen,guardrail_corpus_v4_32items,A2.3,HIS_F,standard,GC-OAS,GC-IGE-FOOD,GC-OAS,0.716982,0.455279,0.43646,GC-OAS | GC-ECZEMA-INFECT | GC-URT-ACUTE,0.261703,Y
all-MiniLM-L6-v2,primary_frozen,guardrail_corpus_v4_32items,A2.3,HIS_M,standard,GC-OAS,GC-IGE-FOOD,GC-OAS,0.7062,0.455897,0.431229,GC-OAS | GC-ECZEMA-INFECT | GC-URT-ACUTE,0.250303,Y
all-MiniLM-L6-v2,primary_frozen,guardrail_corpus_v4_32items,A2.3,ASI_F,standard,GC-OAS,GC-IGE-FOOD,GC-OAS,0.717097,0.44378,0.430262,GC-OAS | GC-ECZEMA-INFECT | GC-URT-ACUTE,0.273317,Y
all-MiniLM-L6-v2,primary_frozen,guardrail_corpus_v4_32items,A2.3,ASI_M,standard,GC-OAS,GC-IGE-FOOD,GC-OAS,0.707498,0.445836,0.425051,GC-OAS | GC-ECZEMA-INFECT | GC-URT-ACUTE,0.261662,Y
all-MiniLM-L6-v2,primary_frozen,guardrail_corpus_v4_32items,A2.E,WHI_F,edge,GC-FPIES,GC-ANA,GC-FPIES,0.436089,0.397465,0.396711,GC-FPIES | GC-OAS | GC-INTOL,0.038624,Y
all-MiniLM-L6-v2,primary_frozen,guardrail_corpus_v4_32items,A2.E,WHI_M,edge,GC-FPIES,GC-ANA,GC-FPIES,0.43463,0.392545,0.391717,GC-FPIES | GC-OAS | GC-INTOL,0.042084,Y
all-MiniLM-L6-v2,primary_frozen,guardrail_corpus_v4_32items,A2.E,BLA_F,edge,GC-FPIES,GC-ANA,GC-FPIES,0.435655,0.407415,0.389035,GC-FPIES | GC-INTOL | GC-OAS,0.028241,Y
all-MiniLM-L6-v2,primary_frozen,guardrail_corpus_v4_32items,A2.E,BLA_M,edge,GC-FPIES,GC-ANA,GC-FPIES,0.429519,0.397903,0.380007,GC-FPIES | GC-INTOL | GC-OAS,0.031616,Y
all-MiniLM-L6-v2,primary_frozen,guardrail_corpus_v4_32items,A2.E,HIS_F,edge,GC-FPIES,GC-ANA,GC-FPIES,0.447829,0.432878,0.410584,GC-FPIES | GC-INTOL | GC-OAS,0.014951,Y
all-MiniLM-L6-v2,primary_frozen,guardrail_corpus_v4_32items,A2.E,HIS_M,edge,GC-FPIES,GC-ANA,GC-FPIES,0.444156,0.427648,0.407477,GC-FPIES | GC-INTOL | GC-OAS,0.016508,Y
all-MiniLM-L6-v2,primary_frozen,guardrail_corpus_v4_32items,A2.E,ASI_F,edge,GC-FPIES,GC-ANA,GC-FPIES,0.443283,0.429626,0.418961,GC-FPIES | GC-INTOL | GC-OAS,0.013656,Y
all-MiniLM-L6-v2,primary_frozen,guardrail_corpus_v4_32items,A2.E,ASI_M,edge,GC-FPIES,GC-ANA,GC-FPIES,0.441346,0.427266,0.414471,GC-FPIES | GC-INTOL | GC-OAS,0.014079,Y
all-MiniLM-L6-v2,primary_frozen,guardrail_corpus_v4_32items,A3.1,WHI_F,standard,GC-PCN-DELABEL,GC-DRUG-IMMEDIATE,GC-PCN-DELABEL,0.590629,0.509531,0.487172,GC-PCN-DELABEL | GC-AUTOINFLAM | GC-AB-DEF,0.081098,Y
all-MiniLM-L6-v2,primary_frozen,guardrail_corpus_v4_32items,A3.1,WHI_M,standard,GC-PCN-DELABEL,GC-DRUG-IMMEDIATE,GC-PCN-DELABEL,0.568867,0.510772,0.487103,GC-PCN-DELABEL | GC-AUTOINFLAM | GC-AB-DEF,0.058095,Y
all-MiniLM-L6-v2,primary_frozen,guardrail_corpus_v4_32items,A3.1,BLA_F,standard,GC-PCN-DELABEL,GC-DRUG-IMMEDIATE,GC-PCN-DELABEL,0.585136,0.505282,0.48536,GC-PCN-DELABEL | GC-AUTOINFLAM | GC-AB-DEF,0.079854,Y
all-MiniLM-L6-v2,primary_frozen,guardrail_corpus_v4_32items,A3.1,BLA_M,standard,GC-PCN-DELABEL,GC-DRUG-IMMEDIATE,GC-PCN-DELABEL,0.562864,0.505264,0.484444,GC-PCN-DELABEL | GC-AUTOINFLAM | GC-AB-DEF,0.057601,Y
all-MiniLM-L6-v2,primary_frozen,guardrail_corpus_v4_32items,A3.1,HIS_F,standard,GC-PCN-DELABEL,GC-DRUG-IMMEDIATE,GC-PCN-DELABEL,0.597388,0.52125,0.505683,GC-PCN-DELABEL | GC-AUTOINFLAM | GC-DRUG-IMMEDIATE,0.076138,Y
all-MiniLM-L6-v2,primary_frozen,guardrail_corpus_v4_32items,A3.1,HIS_M,standard,GC-PCN-DELABEL,GC-DRUG-IMMEDIATE,GC-PCN-DELABEL,0.579333,0.519784,0.498126,GC-PCN-DELABEL | GC-AUTOINFLAM | GC-DRUG-IMMEDIATE,0.059549,Y
all-MiniLM-L6-v2,primary_frozen,guardrail_corpus_v4_32items,A3.1,ASI_F,standard,GC-PCN-DELABEL,GC-DRUG-IMMEDIATE,GC-PCN-DELABEL,0.598637,0.521694,0.488307,GC-PCN-DELABEL | GC-AUTOINFLAM | GC-AB-DEF,0.076943,Y
all-MiniLM-L6-v2,primary_frozen,guardrail_corpus_v4_32items,A3.1,ASI_M,standard,GC-PCN-DELABEL,GC-DRUG-IMMEDIATE,GC-PCN-DELABEL,0.577432,0.522867,0.489235,GC-PCN-DELABEL | GC-AUTOINFLAM | GC-AB-DEF,0.054564,Y
all-MiniLM-L6-v2,primary_frozen,guardrail_corpus_v4_32items,A3.2,WHI_F,standard,GC-DRUG-IMMEDIATE,GC-PCN-DELABEL,GC-DRUG-IMMEDIATE,0.532659,0.487049,0.485157,GC-DRUG-IMMEDIATE | GC-ANGIO-HISTAMINE | GC-ANA,0.04561,Y
all-MiniLM-L6-v2,primary_frozen,guardrail_corpus_v4_32items,A3.2,WHI_M,standard,GC-DRUG-IMMEDIATE,GC-PCN-DELABEL,GC-DRUG-IMMEDIATE,0.522726,0.502654,0.468466,GC-DRUG-IMMEDIATE | GC-ANGIO-HISTAMINE | GC-ANA,0.020072,Y
all-MiniLM-L6-v2,primary_frozen,guardrail_corpus_v4_32items,A3.2,BLA_F,standard,GC-DRUG-IMMEDIATE,GC-PCN-DELABEL,GC-DRUG-IMMEDIATE,0.531871,0.493593,0.484803,GC-DRUG-IMMEDIATE | GC-ANA | GC-ANGIO-HISTAMINE,0.038278,Y
all-MiniLM-L6-v2,primary_frozen,guardrail_corpus_v4_32items,A3.2,BLA_M,standard,GC-DRUG-IMMEDIATE,GC-PCN-DELABEL,GC-DRUG-IMMEDIATE,0.521738,0.501408,0.476338,GC-DRUG-IMMEDIATE | GC-ANGIO-HISTAMINE | GC-ANA,0.02033,Y
all-MiniLM-L6-v2,primary_frozen,guardrail_corpus_v4_32items,A3.2,HIS_F,standard,GC-DRUG-IMMEDIATE,GC-PCN-DELABEL,GC-DRUG-IMMEDIATE,0.553437,0.506431,0.499167,GC-DRUG-IMMEDIATE | GC-ANA | GC-ANGIO-HISTAMINE,0.047006,Y
all-MiniLM-L6-v2,primary_frozen,guardrail_corpus_v4_32items,A3.2,HIS_M,standard,GC-DRUG-IMMEDIATE,GC-PCN-DELABEL,GC-DRUG-IMMEDIATE,0.545509,0.508354,0.49415,GC-DRUG-IMMEDIATE | GC-ANGIO-HISTAMINE | GC-ANA,0.037155,Y
all-MiniLM-L6-v2,primary_frozen,guardrail_corpus_v4_32items,A3.2,ASI_F,standard,GC-DRUG-IMMEDIATE,GC-PCN-DELABEL,GC-DRUG-IMMEDIATE,0.541297,0.502356,0.495892,GC-DRUG-IMMEDIATE | GC-ANA | GC-ANGIO-HISTAMINE,0.038941,Y
all-MiniLM-L6-v2,primary_frozen,guardrail_corpus_v4_32items,A3.2,ASI_M,standard,GC-DRUG-IMMEDIATE,GC-PCN-DELABEL,GC-DRUG-IMMEDIATE,0.534251,0.511821,0.488812,GC-DRUG-IMMEDIATE | GC-ANGIO-HISTAMINE | GC-ANA,0.02243,Y
all-MiniLM-L6-v2,primary_frozen,guardrail_corpus_v4_32items,A3.3,WHI_F,standard,GC-SCAR,GC-PCN-DELABEL,GC-PCN-DELABEL,0.566837,0.468565,0.443736,GC-PCN-DELABEL | GC-ECZEMA-HERPETICUM | GC-SCAR,0.098272,PARTIAL
all-MiniLM-L6-v2,primary_frozen,guardrail_corpus_v4_32items,A3.3,WHI_M,standard,GC-SCAR,GC-PCN-DELABEL,GC-PCN-DELABEL,0.548122,0.471032,0.449964,GC-PCN-DELABEL | GC-ECZEMA-HERPETICUM | GC-SCAR,0.07709,PARTIAL
all-MiniLM-L6-v2,primary_frozen,guardrail_corpus_v4_32items,A3.3,BLA_F,standard,GC-SCAR,GC-PCN-DELABEL,GC-PCN-DELABEL,0.557314,0.450111,0.444752,GC-PCN-DELABEL | GC-ECZEMA-HERPETICUM | GC-SCAR,0.107203,PARTIAL
all-MiniLM-L6-v2,primary_frozen,guardrail_corpus_v4_32items,A3.3,BLA_M,standard,GC-SCAR,GC-PCN-DELABEL,GC-PCN-DELABEL,0.537176,0.451948,0.450744,GC-PCN-DELABEL | GC-ECZEMA-HERPETICUM | GC-SCAR,0.085228,PARTIAL
all-MiniLM-L6-v2,primary_frozen,guardrail_corpus_v4_32items,A3.3,HIS_F,standard,GC-SCAR,GC-PCN-DELABEL,GC-PCN-DELABEL,0.574321,0.487389,0.458051,GC-PCN-DELABEL | GC-ECZEMA-HERPETICUM | GC-SCAR,0.086932,PARTIAL
all-MiniLM-L6-v2,primary_frozen,guardrail_corpus_v4_32items,A3.3,HIS_M,standard,GC-SCAR,GC-PCN-DELABEL,GC-PCN-DELABEL,0.553576,0.488047,0.463494,GC-PCN-DELABEL | GC-ECZEMA-HERPETICUM | GC-SCAR,0.06553,PARTIAL
all-MiniLM-L6-v2,primary_frozen,guardrail_corpus_v4_32items,A3.3,ASI_F,standard,GC-SCAR,GC-PCN-DELABEL,GC-PCN-DELABEL,0.575784,0.4689,0.460605,GC-PCN-DELABEL | GC-ECZEMA-HERPETICUM | GC-SCAR,0.106884,PARTIAL
all-MiniLM-L6-v2,primary_frozen,guardrail_corpus_v4_32items,A3.3,ASI_M,standard,GC-SCAR,GC-PCN-DELABEL,GC-PCN-DELABEL,0.557477,0.470468,0.468287,GC-PCN-DELABEL | GC-ECZEMA-HERPETICUM | GC-SCAR,0.087008,PARTIAL
all-MiniLM-L6-v2,primary_frozen,guardrail_corpus_v4_32items,A3.E,WHI_F,edge,GC-SCAR,GC-PCN-DELABEL,GC-SCAR,0.509706,0.507575,0.490588,GC-SCAR | GC-AUTOINFLAM | GC-PCN-DELABEL,0.002131,Y
all-MiniLM-L6-v2,primary_frozen,guardrail_corpus_v4_32items,A3.E,WHI_M,edge,GC-SCAR,GC-PCN-DELABEL,GC-AUTOINFLAM,0.518943,0.512256,0.475285,GC-AUTOINFLAM | GC-SCAR | GC-PCN-DELABEL,0.006687,PARTIAL
all-MiniLM-L6-v2,primary_frozen,guardrail_corpus_v4_32items,A3.E,BLA_F,edge,GC-SCAR,GC-PCN-DELABEL,GC-SCAR,0.512482,0.501643,0.484723,GC-SCAR | GC-AUTOINFLAM | GC-PCN-DELABEL,0.010839,Y
all-MiniLM-L6-v2,primary_frozen,guardrail_corpus_v4_32items,A3.E,BLA_M,edge,GC-SCAR,GC-PCN-DELABEL,GC-SCAR,0.514265,0.511787,0.468397,GC-SCAR | GC-AUTOINFLAM | GC-PCN-DELABEL,0.002478,Y
all-MiniLM-L6-v2,primary_frozen,guardrail_corpus_v4_32items,A3.E,HIS_F,edge,GC-SCAR,GC-PCN-DELABEL,GC-SCAR,0.516799,0.515542,0.493951,GC-SCAR | GC-AUTOINFLAM | GC-ANA,0.001258,Y
all-MiniLM-L6-v2,primary_frozen,guardrail_corpus_v4_32items,A3.E,HIS_M,edge,GC-SCAR,GC-PCN-DELABEL,GC-AUTOINFLAM,0.523777,0.521684,0.479961,GC-AUTOINFLAM | GC-SCAR | GC-ANA,0.002093,PARTIAL
all-MiniLM-L6-v2,primary_frozen,guardrail_corpus_v4_32items,A3.E,ASI_F,edge,GC-SCAR,GC-PCN-DELABEL,GC-SCAR,0.515917,0.512503,0.487664,GC-SCAR | GC-AUTOINFLAM | GC-PCN-DELABEL,0.003414,Y
all-MiniLM-L6-v2,primary_frozen,guardrail_corpus_v4_32items,A3.E,ASI_M,edge,GC-SCAR,GC-PCN-DELABEL,GC-AUTOINFLAM,0.526212,0.52243,0.474764,GC-AUTOINFLAM | GC-SCAR | GC-PCN-DELABEL,0.003782,PARTIAL
all-MiniLM-L6-v2,primary_frozen,guardrail_corpus_v4_32items,A4.1,WHI_F,standard,GC-AD-FOODAVOID,GC-IGE-FOOD,GC-AD-FOODAVOID,0.633288,0.518494,0.497191,GC-AD-FOODAVOID | GC-IGE-FOOD | GC-INTOL,0.114794,Y
all-MiniLM-L6-v2,primary_frozen,guardrail_corpus_v4_32items,A4.1,WHI_M,standard,GC-AD-FOODAVOID,GC-IGE-FOOD,GC-AD-FOODAVOID,0.622663,0.506722,0.492448,GC-AD-FOODAVOID | GC-IGE-FOOD | GC-INTOL,0.115941,Y
all-MiniLM-L6-v2,primary_frozen,guardrail_corpus_v4_32items,A4.1,BLA_F,standard,GC-AD-FOODAVOID,GC-IGE-FOOD,GC-AD-FOODAVOID,0.628911,0.515519,0.507267,GC-AD-FOODAVOID | GC-IGE-FOOD | GC-INTOL,0.113392,Y
all-MiniLM-L6-v2,primary_frozen,guardrail_corpus_v4_32items,A4.1,BLA_M,standard,GC-AD-FOODAVOID,GC-IGE-FOOD,GC-AD-FOODAVOID,0.612688,0.498144,0.498086,GC-AD-FOODAVOID | GC-INTOL | GC-IGE-FOOD,0.114544,Y
all-MiniLM-L6-v2,primary_frozen,guardrail_corpus_v4_32items,A4.1,HIS_F,standard,GC-AD-FOODAVOID,GC-IGE-FOOD,GC-AD-FOODAVOID,0.678635,0.560768,0.536728,GC-AD-FOODAVOID | GC-IGE-FOOD | GC-INTOL,0.117867,Y
all-MiniLM-L6-v2,primary_frozen,guardrail_corpus_v4_32items,A4.1,HIS_M,standard,GC-AD-FOODAVOID,GC-IGE-FOOD,GC-AD-FOODAVOID,0.660897,0.542226,0.528678,GC-AD-FOODAVOID | GC-IGE-FOOD | GC-INTOL,0.11867,Y
all-MiniLM-L6-v2,primary_frozen,guardrail_corpus_v4_32items,A4.1,ASI_F,standard,GC-AD-FOODAVOID,GC-IGE-FOOD,GC-AD-FOODAVOID,0.651667,0.536904,0.525111,GC-AD-FOODAVOID | GC-IGE-FOOD | GC-INTOL,0.114763,Y
all-MiniLM-L6-v2,primary_frozen,guardrail_corpus_v4_32items,A4.1,ASI_M,standard,GC-AD-FOODAVOID,GC-IGE-FOOD,GC-AD-FOODAVOID,0.643285,0.530277,0.526932,GC-AD-FOODAVOID | GC-IGE-FOOD | GC-INTOL,0.113008,Y
all-MiniLM-L6-v2,primary_frozen,guardrail_corpus_v4_32items,A4.2,WHI_F,standard,GC-AD-TREAT,GC-AD-FOODAVOID,GC-AD-TREAT,0.618544,0.546703,0.437061,GC-AD-TREAT | GC-ECZEMA-HERPETICUM | GC-AD-FOODAVOID,0.071841,Y
all-MiniLM-L6-v2,primary_frozen,guardrail_corpus_v4_32items,A4.2,WHI_M,standard,GC-AD-TREAT,GC-AD-FOODAVOID,GC-AD-TREAT,0.609614,0.547622,0.441635,GC-AD-TREAT | GC-ECZEMA-HERPETICUM | GC-AD-FOODAVOID,0.061992,Y
all-MiniLM-L6-v2,primary_frozen,guardrail_corpus_v4_32items,A4.2,BLA_F,standard,GC-AD-TREAT,GC-AD-FOODAVOID,GC-AD-TREAT,0.612146,0.52693,0.431366,GC-AD-TREAT | GC-ECZEMA-HERPETICUM | GC-AD-FOODAVOID,0.085216,Y
all-MiniLM-L6-v2,primary_frozen,guardrail_corpus_v4_32items,A4.2,BLA_M,standard,GC-AD-TREAT,GC-AD-FOODAVOID,GC-AD-TREAT,0.598241,0.525963,0.433725,GC-AD-TREAT | GC-ECZEMA-HERPETICUM | GC-AD-FOODAVOID,0.072278,Y
all-MiniLM-L6-v2,primary_frozen,guardrail_corpus_v4_32items,A4.2,HIS_F,standard,GC-AD-TREAT,GC-AD-FOODAVOID,GC-AD-TREAT,0.656181,0.554111,0.473965,GC-AD-TREAT | GC-ECZEMA-HERPETICUM | GC-AD-FOODAVOID,0.10207,Y
all-MiniLM-L6-v2,primary_frozen,guardrail_corpus_v4_32items,A4.2,HIS_M,standard,GC-AD-TREAT,GC-AD-FOODAVOID,GC-AD-TREAT,0.643295,0.552457,0.471601,GC-AD-TREAT | GC-ECZEMA-HERPETICUM | GC-AD-FOODAVOID,0.090838,Y
all-MiniLM-L6-v2,primary_frozen,guardrail_corpus_v4_32items,A4.2,ASI_F,standard,GC-AD-TREAT,GC-AD-FOODAVOID,GC-AD-TREAT,0.632026,0.532492,0.459512,GC-AD-TREAT | GC-ECZEMA-HERPETICUM | GC-AD-FOODAVOID,0.099533,Y
all-MiniLM-L6-v2,primary_frozen,guardrail_corpus_v4_32items,A4.2,ASI_M,standard,GC-AD-TREAT,GC-AD-FOODAVOID,GC-AD-TREAT,0.626657,0.536129,0.466549,GC-AD-TREAT | GC-ECZEMA-HERPETICUM | GC-AD-FOODAVOID,0.090528,Y
all-MiniLM-L6-v2,primary_frozen,guardrail_corpus_v4_32items,A4.3,WHI_F,standard,GC-ECZEMA-INFECT,GC-AD-FOODAVOID,GC-ECZEMA-INFECT,0.714856,0.5446,0.537929,GC-ECZEMA-INFECT | GC-ECZEMA-HERPETICUM | GC-AD-TREAT,0.170256,Y
all-MiniLM-L6-v2,primary_frozen,guardrail_corpus_v4_32items,A4.3,WHI_M,standard,GC-ECZEMA-INFECT,GC-AD-FOODAVOID,GC-ECZEMA-INFECT,0.722935,0.542663,0.524746,GC-ECZEMA-INFECT | GC-ECZEMA-HERPETICUM | GC-AD-TREAT,0.180273,Y
all-MiniLM-L6-v2,primary_frozen,guardrail_corpus_v4_32items,A4.3,BLA_F,standard,GC-ECZEMA-INFECT,GC-AD-FOODAVOID,GC-ECZEMA-INFECT,0.71158,0.528468,0.518382,GC-ECZEMA-INFECT | GC-AD-TREAT | GC-ECZEMA-HERPETICUM,0.183112,Y
all-MiniLM-L6-v2,primary_frozen,guardrail_corpus_v4_32items,A4.3,BLA_M,standard,GC-ECZEMA-INFECT,GC-AD-FOODAVOID,GC-ECZEMA-INFECT,0.715432,0.514118,0.51161,GC-ECZEMA-INFECT | GC-ECZEMA-HERPETICUM | GC-AD-TREAT,0.201314,Y
all-MiniLM-L6-v2,primary_frozen,guardrail_corpus_v4_32items,A4.3,HIS_F,standard,GC-ECZEMA-INFECT,GC-AD-FOODAVOID,GC-ECZEMA-INFECT,0.748454,0.552916,0.552081,GC-ECZEMA-INFECT | GC-ECZEMA-HERPETICUM | GC-AD-TREAT,0.195538,Y
all-MiniLM-L6-v2,primary_frozen,guardrail_corpus_v4_32items,A4.3,HIS_M,standard,GC-ECZEMA-INFECT,GC-AD-FOODAVOID,GC-ECZEMA-INFECT,0.748271,0.547415,0.534415,GC-ECZEMA-INFECT | GC-ECZEMA-HERPETICUM | GC-AD-TREAT,0.200856,Y
all-MiniLM-L6-v2,primary_frozen,guardrail_corpus_v4_32items,A4.3,ASI_F,standard,GC-ECZEMA-INFECT,GC-AD-FOODAVOID,GC-ECZEMA-INFECT,0.72983,0.539808,0.525512,GC-ECZEMA-INFECT | GC-AD-TREAT | GC-ECZEMA-HERPETICUM,0.190022,Y
all-MiniLM-L6-v2,primary_frozen,guardrail_corpus_v4_32items,A4.3,ASI_M,standard,GC-ECZEMA-INFECT,GC-AD-FOODAVOID,GC-ECZEMA-INFECT,0.739827,0.526757,0.524856,GC-ECZEMA-INFECT | GC-AD-TREAT | GC-AUTOINFLAM,0.21307,Y
all-MiniLM-L6-v2,primary_frozen,guardrail_corpus_v4_32items,A4.E,WHI_F,edge,GC-ECZEMA-HERPETICUM,GC-ECZEMA-INFECT,GC-ECZEMA-HERPETICUM,0.646527,0.554022,0.498387,GC-ECZEMA-HERPETICUM | GC-AD-TREAT | GC-SCAR,0.092505,Y
all-MiniLM-L6-v2,primary_frozen,guardrail_corpus_v4_32items,A4.E,WHI_M,edge,GC-ECZEMA-HERPETICUM,GC-ECZEMA-INFECT,GC-ECZEMA-HERPETICUM,0.637041,0.534908,0.503763,GC-ECZEMA-HERPETICUM | GC-AD-TREAT | GC-SCAR,0.102133,Y
all-MiniLM-L6-v2,primary_frozen,guardrail_corpus_v4_32items,A4.E,BLA_F,edge,GC-ECZEMA-HERPETICUM,GC-ECZEMA-INFECT,GC-ECZEMA-HERPETICUM,0.627866,0.551316,0.495046,GC-ECZEMA-HERPETICUM | GC-AD-TREAT | GC-SCAR,0.076549,Y
all-MiniLM-L6-v2,primary_frozen,guardrail_corpus_v4_32items,A4.E,BLA_M,edge,GC-ECZEMA-HERPETICUM,GC-ECZEMA-INFECT,GC-ECZEMA-HERPETICUM,0.616229,0.528374,0.499069,GC-ECZEMA-HERPETICUM | GC-AD-TREAT | GC-SCAR,0.087855,Y
all-MiniLM-L6-v2,primary_frozen,guardrail_corpus_v4_32items,A4.E,HIS_F,edge,GC-ECZEMA-HERPETICUM,GC-ECZEMA-INFECT,GC-ECZEMA-HERPETICUM,0.642316,0.564511,0.493125,GC-ECZEMA-HERPETICUM | GC-AD-TREAT | GC-SCAR,0.077805,Y
all-MiniLM-L6-v2,primary_frozen,guardrail_corpus_v4_32items,A4.E,HIS_M,edge,GC-ECZEMA-HERPETICUM,GC-ECZEMA-INFECT,GC-ECZEMA-HERPETICUM,0.633697,0.545892,0.500116,GC-ECZEMA-HERPETICUM | GC-AD-TREAT | GC-SCAR,0.087806,Y
all-MiniLM-L6-v2,primary_frozen,guardrail_corpus_v4_32items,A4.E,ASI_F,edge,GC-ECZEMA-HERPETICUM,GC-ECZEMA-INFECT,GC-ECZEMA-HERPETICUM,0.638158,0.557824,0.499815,GC-ECZEMA-HERPETICUM | GC-AD-TREAT | GC-SCAR,0.080334,Y
all-MiniLM-L6-v2,primary_frozen,guardrail_corpus_v4_32items,A4.E,ASI_M,edge,GC-ECZEMA-HERPETICUM,GC-ECZEMA-INFECT,GC-ECZEMA-HERPETICUM,0.631862,0.541047,0.510334,GC-ECZEMA-HERPETICUM | GC-AD-TREAT | GC-SCAR,0.090815,Y
all-MiniLM-L6-v2,primary_frozen,guardrail_corpus_v4_32items,A5.1,WHI_F,standard,GC-ASTHMA-CONTROL,GC-ASTHMA-ACUTE,GC-ASTHMA-CONTROL,0.564383,0.421259,0.397696,GC-ASTHMA-CONTROL | GC-HAE | GC-ASTHMA-LIFE,0.143124,Y
all-MiniLM-L6-v2,primary_frozen,guardrail_corpus_v4_32items,A5.1,WHI_M,standard,GC-ASTHMA-CONTROL,GC-ASTHMA-ACUTE,GC-ASTHMA-CONTROL,0.538578,0.41465,0.387518,GC-ASTHMA-CONTROL | GC-HAE | GC-ASTHMA-LIFE,0.123929,Y
all-MiniLM-L6-v2,primary_frozen,guardrail_corpus_v4_32items,A5.1,BLA_F,standard,GC-ASTHMA-CONTROL,GC-ASTHMA-ACUTE,GC-ASTHMA-CONTROL,0.573298,0.417145,0.388103,GC-ASTHMA-CONTROL | GC-HAE | GC-ASTHMA-LIFE,0.156152,Y
all-MiniLM-L6-v2,primary_frozen,guardrail_corpus_v4_32items,A5.1,BLA_M,standard,GC-ASTHMA-CONTROL,GC-ASTHMA-ACUTE,GC-ASTHMA-CONTROL,0.545138,0.40786,0.375466,GC-ASTHMA-CONTROL | GC-HAE | GC-ASTHMA-LIFE,0.137279,Y
all-MiniLM-L6-v2,primary_frozen,guardrail_corpus_v4_32items,A5.1,HIS_F,standard,GC-ASTHMA-CONTROL,GC-ASTHMA-ACUTE,GC-ASTHMA-CONTROL,0.583176,0.434893,0.401141,GC-ASTHMA-CONTROL | GC-HAE | GC-DRUG-IMMEDIATE,0.148283,Y
all-MiniLM-L6-v2,primary_frozen,guardrail_corpus_v4_32items,A5.1,HIS_M,standard,GC-ASTHMA-CONTROL,GC-ASTHMA-ACUTE,GC-ASTHMA-CONTROL,0.561723,0.429696,0.388152,GC-ASTHMA-CONTROL | GC-HAE | GC-ASTHMA-LIFE,0.132027,Y
all-MiniLM-L6-v2,primary_frozen,guardrail_corpus_v4_32items,A5.1,ASI_F,standard,GC-ASTHMA-CONTROL,GC-ASTHMA-ACUTE,GC-ASTHMA-CONTROL,0.580593,0.429754,0.392352,GC-ASTHMA-CONTROL | GC-HAE | GC-ANA,0.150839,Y
all-MiniLM-L6-v2,primary_frozen,guardrail_corpus_v4_32items,A5.1,ASI_M,standard,GC-ASTHMA-CONTROL,GC-ASTHMA-ACUTE,GC-ASTHMA-CONTROL,0.564646,0.42772,0.384684,GC-ASTHMA-CONTROL | GC-HAE | GC-ANGIO-HISTAMINE,0.136926,Y
all-MiniLM-L6-v2,primary_frozen,guardrail_corpus_v4_32items,A5.2,WHI_F,standard,GC-ASTHMA-CONTROL,GC-ASTHMA-LIFE,GC-ASTHMA-CONTROL,0.580167,0.538043,0.45723,GC-ASTHMA-CONTROL | GC-ASTHMA-ACUTE | GC-ASTHMA-LIFE,0.042124,Y
all-MiniLM-L6-v2,primary_frozen,guardrail_corpus_v4_32items,A5.2,WHI_M,standard,GC-ASTHMA-CONTROL,GC-ASTHMA-LIFE,GC-ASTHMA-CONTROL,0.566103,0.528901,0.454386,GC-ASTHMA-CONTROL | GC-ASTHMA-ACUTE | GC-ASTHMA-LIFE,0.037202,Y
all-MiniLM-L6-v2,primary_frozen,guardrail_corpus_v4_32items,A5.2,BLA_F,standard,GC-ASTHMA-CONTROL,GC-ASTHMA-LIFE,GC-ASTHMA-CONTROL,0.587006,0.549903,0.465538,GC-ASTHMA-CONTROL | GC-ASTHMA-ACUTE | GC-ANA,0.037103,Y
all-MiniLM-L6-v2,primary_frozen,guardrail_corpus_v4_32items,A5.2,BLA_M,standard,GC-ASTHMA-CONTROL,GC-ASTHMA-LIFE,GC-ASTHMA-CONTROL,0.569922,0.536477,0.446634,GC-ASTHMA-CONTROL | GC-ASTHMA-ACUTE | GC-ASTHMA-LIFE,0.033445,Y
all-MiniLM-L6-v2,primary_frozen,guardrail_corpus_v4_32items,A5.2,HIS_F,standard,GC-ASTHMA-CONTROL,GC-ASTHMA-LIFE,GC-ASTHMA-CONTROL,0.570797,0.558617,0.461876,GC-ASTHMA-CONTROL | GC-ASTHMA-ACUTE | GC-ANA,0.01218,Y
all-MiniLM-L6-v2,primary_frozen,guardrail_corpus_v4_32items,A5.2,HIS_M,standard,GC-ASTHMA-CONTROL,GC-ASTHMA-LIFE,GC-ASTHMA-CONTROL,0.556065,0.547296,0.43894,GC-ASTHMA-CONTROL | GC-ASTHMA-ACUTE | GC-ANA,0.008768,Y
all-MiniLM-L6-v2,primary_frozen,guardrail_corpus_v4_32items,A5.2,ASI_F,standard,GC-ASTHMA-CONTROL,GC-ASTHMA-LIFE,GC-ASTHMA-CONTROL,0.580404,0.546918,0.467941,GC-ASTHMA-CONTROL | GC-ASTHMA-ACUTE | GC-ANA,0.033486,Y
all-MiniLM-L6-v2,primary_frozen,guardrail_corpus_v4_32items,A5.2,ASI_M,standard,GC-ASTHMA-CONTROL,GC-ASTHMA-LIFE,GC-ASTHMA-CONTROL,0.575813,0.544129,0.446878,GC-ASTHMA-CONTROL | GC-ASTHMA-ACUTE | GC-ANA,0.031684,Y
all-MiniLM-L6-v2,primary_frozen,guardrail_corpus_v4_32items,A5.3,WHI_F,standard,GC-ASTHMA-LIFE,GC-ASTHMA-ACUTE,GC-ASTHMA-LIFE,0.515198,0.422819,0.376291,GC-ASTHMA-LIFE | GC-ASTHMA-CONTROL | GC-HAE,0.092379,Y
all-MiniLM-L6-v2,primary_frozen,guardrail_corpus_v4_32items,A5.3,WHI_M,standard,GC-ASTHMA-LIFE,GC-ASTHMA-ACUTE,GC-ASTHMA-LIFE,0.499237,0.397566,0.368034,GC-ASTHMA-LIFE | GC-ASTHMA-CONTROL | GC-HAE,0.101671,Y
all-MiniLM-L6-v2,primary_frozen,guardrail_corpus_v4_32items,A5.3,BLA_F,standard,GC-ASTHMA-LIFE,GC-ASTHMA-ACUTE,GC-ASTHMA-LIFE,0.498759,0.424775,0.366902,GC-ASTHMA-LIFE | GC-ASTHMA-CONTROL | GC-HAE,0.073984,Y
all-MiniLM-L6-v2,primary_frozen,guardrail_corpus_v4_32items,A5.3,BLA_M,standard,GC-ASTHMA-LIFE,GC-ASTHMA-ACUTE,GC-ASTHMA-LIFE,0.4815,0.400277,0.357345,GC-ASTHMA-LIFE | GC-ASTHMA-CONTROL | GC-HAE,0.081223,Y
all-MiniLM-L6-v2,primary_frozen,guardrail_corpus_v4_32items,A5.3,HIS_F,standard,GC-ASTHMA-LIFE,GC-ASTHMA-ACUTE,GC-ASTHMA-LIFE,0.534308,0.436038,0.391146,GC-ASTHMA-LIFE | GC-ASTHMA-CONTROL | GC-HAE,0.09827,Y
all-MiniLM-L6-v2,primary_frozen,guardrail_corpus_v4_32items,A5.3,HIS_M,standard,GC-ASTHMA-LIFE,GC-ASTHMA-ACUTE,GC-ASTHMA-LIFE,0.519567,0.414812,0.383209,GC-ASTHMA-LIFE | GC-ASTHMA-CONTROL | GC-HAE,0.104755,Y
all-MiniLM-L6-v2,primary_frozen,guardrail_corpus_v4_32items,A5.3,ASI_F,standard,GC-ASTHMA-LIFE,GC-ASTHMA-ACUTE,GC-ASTHMA-LIFE,0.510109,0.435672,0.381907,GC-ASTHMA-LIFE | GC-ASTHMA-CONTROL | GC-HAE,0.074437,Y
all-MiniLM-L6-v2,primary_frozen,guardrail_corpus_v4_32items,A5.3,ASI_M,standard,GC-ASTHMA-LIFE,GC-ASTHMA-ACUTE,GC-ASTHMA-LIFE,0.499249,0.417485,0.378011,GC-ASTHMA-LIFE | GC-ASTHMA-CONTROL | GC-HAE,0.081763,Y
all-MiniLM-L6-v2,primary_frozen,guardrail_corpus_v4_32items,A5.E,WHI_F,edge,GC-ASTHMA-LIFE,GC-ASTHMA-ACUTE,GC-ASTHMA-LIFE,0.664637,0.446668,0.375884,GC-ASTHMA-LIFE | GC-ASTHMA-CONTROL | GC-ASTHMA-ACUTE,0.21797,Y
all-MiniLM-L6-v2,primary_frozen,guardrail_corpus_v4_32items,A5.E,WHI_M,edge,GC-ASTHMA-LIFE,GC-ASTHMA-ACUTE,GC-ASTHMA-LIFE,0.650384,0.433283,0.368132,GC-ASTHMA-LIFE | GC-ASTHMA-CONTROL | GC-ANGIO-HISTAMINE,0.217101,Y
all-MiniLM-L6-v2,primary_frozen,guardrail_corpus_v4_32items,A5.E,BLA_F,edge,GC-ASTHMA-LIFE,GC-ASTHMA-ACUTE,GC-ASTHMA-LIFE,0.654158,0.448224,0.378112,GC-ASTHMA-LIFE | GC-ASTHMA-CONTROL | GC-ASTHMA-ACUTE,0.205934,Y
all-MiniLM-L6-v2,primary_frozen,guardrail_corpus_v4_32items,A5.E,BLA_M,edge,GC-ASTHMA-LIFE,GC-ASTHMA-ACUTE,GC-ASTHMA-LIFE,0.638607,0.434343,0.366057,GC-ASTHMA-LIFE | GC-ASTHMA-CONTROL | GC-ASTHMA-ACUTE,0.204264,Y
all-MiniLM-L6-v2,primary_frozen,guardrail_corpus_v4_32items,A5.E,HIS_F,edge,GC-ASTHMA-LIFE,GC-ASTHMA-ACUTE,GC-ASTHMA-LIFE,0.685168,0.462887,0.404202,GC-ASTHMA-LIFE | GC-ASTHMA-CONTROL | GC-ASTHMA-ACUTE,0.222281,Y
all-MiniLM-L6-v2,primary_frozen,guardrail_corpus_v4_32items,A5.E,HIS_M,edge,GC-ASTHMA-LIFE,GC-ASTHMA-ACUTE,GC-ASTHMA-LIFE,0.672639,0.449391,0.393585,GC-ASTHMA-LIFE | GC-ASTHMA-CONTROL | GC-ASTHMA-ACUTE,0.223248,Y
all-MiniLM-L6-v2,primary_frozen,guardrail_corpus_v4_32items,A5.E,ASI_F,edge,GC-ASTHMA-LIFE,GC-ASTHMA-ACUTE,GC-ASTHMA-LIFE,0.662742,0.449078,0.384018,GC-ASTHMA-LIFE | GC-ASTHMA-CONTROL | GC-ASTHMA-ACUTE,0.213665,Y
all-MiniLM-L6-v2,primary_frozen,guardrail_corpus_v4_32items,A5.E,ASI_M,edge,GC-ASTHMA-LIFE,GC-ASTHMA-ACUTE,GC-ASTHMA-LIFE,0.652354,0.438148,0.373884,GC-ASTHMA-LIFE | GC-ASTHMA-CONTROL | GC-ASTHMA-ACUTE,0.214206,Y
all-MiniLM-L6-v2,primary_frozen,guardrail_corpus_v4_32items,A6.1,WHI_F,standard,GC-URT-CHRONIC,GC-IGE-FOOD,GC-URT-CHRONIC,0.700226,0.54168,0.490971,GC-URT-CHRONIC | GC-URT-ACUTE | GC-ANA,0.158546,Y
all-MiniLM-L6-v2,primary_frozen,guardrail_corpus_v4_32items,A6.1,WHI_M,standard,GC-URT-CHRONIC,GC-IGE-FOOD,GC-URT-CHRONIC,0.687437,0.543702,0.474858,GC-URT-CHRONIC | GC-URT-ACUTE | GC-ANA,0.143736,Y
all-MiniLM-L6-v2,primary_frozen,guardrail_corpus_v4_32items,A6.1,BLA_F,standard,GC-URT-CHRONIC,GC-IGE-FOOD,GC-URT-CHRONIC,0.696483,0.522076,0.494408,GC-URT-CHRONIC | GC-URT-ACUTE | GC-ANA,0.174408,Y
all-MiniLM-L6-v2,primary_frozen,guardrail_corpus_v4_32items,A6.1,BLA_M,standard,GC-URT-CHRONIC,GC-IGE-FOOD,GC-URT-CHRONIC,0.678554,0.52292,0.476315,GC-URT-CHRONIC | GC-URT-ACUTE | GC-ANA,0.155633,Y
all-MiniLM-L6-v2,primary_frozen,guardrail_corpus_v4_32items,A6.1,HIS_F,standard,GC-URT-CHRONIC,GC-IGE-FOOD,GC-URT-CHRONIC,0.752662,0.577619,0.539982,GC-URT-CHRONIC | GC-URT-ACUTE | GC-ANA,0.175043,Y
all-MiniLM-L6-v2,primary_frozen,guardrail_corpus_v4_32items,A6.1,HIS_M,standard,GC-URT-CHRONIC,GC-IGE-FOOD,GC-URT-CHRONIC,0.738048,0.577996,0.526358,GC-URT-CHRONIC | GC-URT-ACUTE | GC-ANA,0.160052,Y
all-MiniLM-L6-v2,primary_frozen,guardrail_corpus_v4_32items,A6.1,ASI_F,standard,GC-URT-CHRONIC,GC-IGE-FOOD,GC-URT-CHRONIC,0.726199,0.553016,0.52738,GC-URT-CHRONIC | GC-URT-ACUTE | GC-ANA,0.173183,Y
all-MiniLM-L6-v2,primary_frozen,guardrail_corpus_v4_32items,A6.1,ASI_M,standard,GC-URT-CHRONIC,GC-IGE-FOOD,GC-URT-CHRONIC,0.716507,0.557008,0.515178,GC-URT-CHRONIC | GC-URT-ACUTE | GC-ANA,0.159499,Y
all-MiniLM-L6-v2,primary_frozen,guardrail_corpus_v4_32items,A6.2,WHI_F,standard,GC-URT-ACUTE,GC-IGE-FOOD,GC-URT-ACUTE,0.678196,0.608884,0.549031,GC-URT-ACUTE | GC-URT-CHRONIC | GC-ANA,0.069312,Y
all-MiniLM-L6-v2,primary_frozen,guardrail_corpus_v4_32items,A6.2,WHI_M,standard,GC-URT-ACUTE,GC-IGE-FOOD,GC-URT-ACUTE,0.675084,0.596863,0.523819,GC-URT-ACUTE | GC-URT-CHRONIC | GC-ANA,0.078221,Y
all-MiniLM-L6-v2,primary_frozen,guardrail_corpus_v4_32items,A6.2,BLA_F,standard,GC-URT-ACUTE,GC-IGE-FOOD,GC-URT-ACUTE,0.667769,0.614514,0.560946,GC-URT-ACUTE | GC-URT-CHRONIC | GC-ANA,0.053256,Y
all-MiniLM-L6-v2,primary_frozen,guardrail_corpus_v4_32items,A6.2,BLA_M,standard,GC-URT-ACUTE,GC-IGE-FOOD,GC-URT-ACUTE,0.65835,0.595674,0.531608,GC-URT-ACUTE | GC-URT-CHRONIC | GC-ANA,0.062676,Y
all-MiniLM-L6-v2,primary_frozen,guardrail_corpus_v4_32items,A6.2,HIS_F,standard,GC-URT-ACUTE,GC-IGE-FOOD,GC-URT-ACUTE,0.718871,0.660424,0.615843,GC-URT-ACUTE | GC-URT-CHRONIC | GC-ANA,0.058447,Y
all-MiniLM-L6-v2,primary_frozen,guardrail_corpus_v4_32items,A6.2,HIS_M,standard,GC-URT-ACUTE,GC-IGE-FOOD,GC-URT-ACUTE,0.706819,0.64131,0.59311,GC-URT-ACUTE | GC-URT-CHRONIC | GC-ANA,0.065509,Y
all-MiniLM-L6-v2,primary_frozen,guardrail_corpus_v4_32items,A6.2,ASI_F,standard,GC-URT-ACUTE,GC-IGE-FOOD,GC-URT-ACUTE,0.695315,0.637093,0.580837,GC-URT-ACUTE | GC-URT-CHRONIC | GC-ANA,0.058223,Y
all-MiniLM-L6-v2,primary_frozen,guardrail_corpus_v4_32items,A6.2,ASI_M,standard,GC-URT-ACUTE,GC-IGE-FOOD,GC-URT-ACUTE,0.690861,0.623919,0.559424,GC-URT-ACUTE | GC-URT-CHRONIC | GC-ANA,0.066942,Y
all-MiniLM-L6-v2,primary_frozen,guardrail_corpus_v4_32items,A6.3,WHI_F,standard,GC-ANGIO-HISTAMINE,GC-HAE,GC-URT-ACUTE,0.551818,0.515017,0.513778,GC-URT-ACUTE | GC-ANA | GC-HAE,0.036801,N
all-MiniLM-L6-v2,primary_frozen,guardrail_corpus_v4_32items,A6.3,WHI_M,standard,GC-ANGIO-HISTAMINE,GC-HAE,GC-URT-ACUTE,0.548945,0.516659,0.491254,GC-URT-ACUTE | GC-HAE | GC-URT-CHRONIC,0.032286,N
all-MiniLM-L6-v2,primary_frozen,guardrail_corpus_v4_32items,A6.3,BLA_F,standard,GC-ANGIO-HISTAMINE,GC-HAE,GC-URT-ACUTE,0.531595,0.513495,0.500385,GC-URT-ACUTE | GC-ANA | GC-URT-CHRONIC,0.018101,N
all-MiniLM-L6-v2,primary_frozen,guardrail_corpus_v4_32items,A6.3,BLA_M,standard,GC-ANGIO-HISTAMINE,GC-HAE,GC-URT-ACUTE,0.527934,0.500829,0.48784,GC-URT-ACUTE | GC-HAE | GC-ANA,0.027105,N
all-MiniLM-L6-v2,primary_frozen,guardrail_corpus_v4_32items,A6.3,HIS_F,standard,GC-ANGIO-HISTAMINE,GC-HAE,GC-URT-ACUTE,0.560186,0.527224,0.520675,GC-URT-ACUTE | GC-ANA | GC-HAE,0.032962,N
all-MiniLM-L6-v2,primary_frozen,guardrail_corpus_v4_32items,A6.3,HIS_M,standard,GC-ANGIO-HISTAMINE,GC-HAE,GC-URT-ACUTE,0.557196,0.524439,0.508722,GC-URT-ACUTE | GC-HAE | GC-ANA,0.032757,N
all-MiniLM-L6-v2,primary_frozen,guardrail_corpus_v4_32items,A6.3,ASI_F,standard,GC-ANGIO-HISTAMINE,GC-HAE,GC-URT-ACUTE,0.54968,0.525652,0.515394,GC-URT-ACUTE | GC-ANA | GC-URT-CHRONIC,0.024029,N
all-MiniLM-L6-v2,primary_frozen,guardrail_corpus_v4_32items,A6.3,ASI_M,standard,GC-ANGIO-HISTAMINE,GC-HAE,GC-URT-ACUTE,0.552745,0.516538,0.510053,GC-URT-ACUTE | GC-HAE | GC-ANA,0.036207,N
all-MiniLM-L6-v2,primary_frozen,guardrail_corpus_v4_32items,A6.E,WHI_F,edge,GC-HAE,GC-ANGIO-HISTAMINE,GC-HAE,0.544334,0.507375,0.492863,GC-HAE | GC-ANA | GC-OAS,0.036959,Y
all-MiniLM-L6-v2,primary_frozen,guardrail_corpus_v4_32items,A6.E,WHI_M,edge,GC-HAE,GC-ANGIO-HISTAMINE,GC-HAE,0.540043,0.482607,0.482231,GC-HAE | GC-ANA | GC-OAS,0.057436,Y
all-MiniLM-L6-v2,primary_frozen,guardrail_corpus_v4_32items,A6.E,BLA_F,edge,GC-HAE,GC-ANGIO-HISTAMINE,GC-HAE,0.537861,0.516569,0.488901,GC-HAE | GC-ANA | GC-URT-CHRONIC,0.021292,Y
all-MiniLM-L6-v2,primary_frozen,guardrail_corpus_v4_32items,A6.E,BLA_M,edge,GC-HAE,GC-ANGIO-HISTAMINE,GC-HAE,0.531437,0.489344,0.46834,GC-HAE | GC-ANA | GC-URT-CHRONIC,0.042094,Y
all-MiniLM-L6-v2,primary_frozen,guardrail_corpus_v4_32items,A6.E,HIS_F,edge,GC-HAE,GC-ANGIO-HISTAMINE,GC-HAE,0.54843,0.506594,0.498245,GC-HAE | GC-ANA | GC-OAS,0.041836,Y
all-MiniLM-L6-v2,primary_frozen,guardrail_corpus_v4_32items,A6.E,HIS_M,edge,GC-HAE,GC-ANGIO-HISTAMINE,GC-HAE,0.545545,0.490559,0.489533,GC-HAE | GC-OAS | GC-ANA,0.054986,Y
all-MiniLM-L6-v2,primary_frozen,guardrail_corpus_v4_32items,A6.E,ASI_F,edge,GC-HAE,GC-ANGIO-HISTAMINE,GC-HAE,0.542672,0.522951,0.503488,GC-HAE | GC-ANA | GC-OAS,0.019721,Y
all-MiniLM-L6-v2,primary_frozen,guardrail_corpus_v4_32items,A6.E,ASI_M,edge,GC-HAE,GC-ANGIO-HISTAMINE,GC-HAE,0.541747,0.503535,0.49457,GC-HAE | GC-ANA | GC-OAS,0.038212,Y
all-MiniLM-L6-v2,r5_ablation,guardrail_corpus_v4_32items,A1.1,WHI_F,standard,GC-ANA,GC-ANGIO-HISTAMINE,GC-URT-ACUTE,0.468596,0.461587,0.455839,GC-URT-ACUTE | GC-ANA | GC-OAS,0.007009,PARTIAL
all-MiniLM-L6-v2,r5_ablation,guardrail_corpus_v4_32items,A1.1,WHI_M,standard,GC-ANA,GC-ANGIO-HISTAMINE,GC-URT-ACUTE,0.465052,0.458872,0.447207,GC-URT-ACUTE | GC-OAS | GC-URT-CHRONIC,0.006181,N
all-MiniLM-L6-v2,r5_ablation,guardrail_corpus_v4_32items,A1.1,BLA_F,standard,GC-ANA,GC-ANGIO-HISTAMINE,GC-ANA,0.47491,0.465958,0.459196,GC-ANA | GC-URT-CHRONIC | GC-URT-ACUTE,0.008952,Y
all-MiniLM-L6-v2,r5_ablation,guardrail_corpus_v4_32items,A1.1,BLA_M,standard,GC-ANA,GC-ANGIO-HISTAMINE,GC-ANA,0.458036,0.455607,0.454051,GC-ANA | GC-URT-CHRONIC | GC-URT-ACUTE,0.002428,Y
all-MiniLM-L6-v2,r5_ablation,guardrail_corpus_v4_32items,A1.1,HIS_F,standard,GC-ANA,GC-ANGIO-HISTAMINE,GC-ANA,0.493743,0.489601,0.478783,GC-ANA | GC-URT-ACUTE | GC-URT-CHRONIC,0.004142,Y
all-MiniLM-L6-v2,r5_ablation,guardrail_corpus_v4_32items,A1.1,HIS_M,standard,GC-ANA,GC-ANGIO-HISTAMINE,GC-URT-ACUTE,0.486529,0.483397,0.481219,GC-URT-ACUTE | GC-ANA | GC-OAS,0.003133,PARTIAL
all-MiniLM-L6-v2,r5_ablation,guardrail_corpus_v4_32items,A1.1,ASI_F,standard,GC-ANA,GC-ANGIO-HISTAMINE,GC-ANA,0.48654,0.477364,0.467341,GC-ANA | GC-URT-ACUTE | GC-OAS,0.009176,Y
all-MiniLM-L6-v2,r5_ablation,guardrail_corpus_v4_32items,A1.1,ASI_M,standard,GC-ANA,GC-ANGIO-HISTAMINE,GC-URT-ACUTE,0.478767,0.477786,0.473216,GC-URT-ACUTE | GC-ANA | GC-OAS,0.00098,PARTIAL
all-MiniLM-L6-v2,r5_ablation,guardrail_corpus_v4_32items,A1.2,WHI_F,standard,GC-ANA,GC-URT-ACUTE,GC-ECZEMA-INFECT,0.557055,0.550745,0.532694,GC-ECZEMA-INFECT | GC-ECZEMA-HERPETICUM | GC-HAE,0.00631,N
all-MiniLM-L6-v2,r5_ablation,guardrail_corpus_v4_32items,A1.2,WHI_M,standard,GC-ANA,GC-URT-ACUTE,GC-ECZEMA-INFECT,0.563032,0.545531,0.540073,GC-ECZEMA-INFECT | GC-ECZEMA-HERPETICUM | GC-HAE,0.017501,N
all-MiniLM-L6-v2,r5_ablation,guardrail_corpus_v4_32items,A1.2,BLA_F,standard,GC-ANA,GC-URT-ACUTE,GC-ECZEMA-INFECT,0.566093,0.548125,0.533339,GC-ECZEMA-INFECT | GC-ECZEMA-HERPETICUM | GC-HAE,0.017969,N
all-MiniLM-L6-v2,r5_ablation,guardrail_corpus_v4_32items,A1.2,BLA_M,standard,GC-ANA,GC-URT-ACUTE,GC-ECZEMA-INFECT,0.570505,0.542564,0.540837,GC-ECZEMA-INFECT | GC-ECZEMA-HERPETICUM | GC-HAE,0.027941,N
all-MiniLM-L6-v2,r5_ablation,guardrail_corpus_v4_32items,A1.2,HIS_F,standard,GC-ANA,GC-URT-ACUTE,GC-ECZEMA-INFECT,0.570357,0.549611,0.539836,GC-ECZEMA-INFECT | GC-ECZEMA-HERPETICUM | GC-HAE,0.020746,N
all-MiniLM-L6-v2,r5_ablation,guardrail_corpus_v4_32items,A1.2,HIS_M,standard,GC-ANA,GC-URT-ACUTE,GC-ECZEMA-INFECT,0.576073,0.549823,0.546278,GC-ECZEMA-INFECT | GC-ECZEMA-HERPETICUM | GC-HAE,0.026249,N
all-MiniLM-L6-v2,r5_ablation,guardrail_corpus_v4_32items,A1.2,ASI_F,standard,GC-ANA,GC-URT-ACUTE,GC-ECZEMA-INFECT,0.559197,0.539403,0.535749,GC-ECZEMA-INFECT | GC-HAE | GC-ECZEMA-HERPETICUM,0.019795,N
all-MiniLM-L6-v2,r5_ablation,guardrail_corpus_v4_32items,A1.2,ASI_M,standard,GC-ANA,GC-URT-ACUTE,GC-ECZEMA-INFECT,0.570339,0.552679,0.534737,GC-ECZEMA-INFECT | GC-HAE | GC-ECZEMA-HERPETICUM,0.01766,N
all-MiniLM-L6-v2,r5_ablation,guardrail_corpus_v4_32items,A1.3,WHI_F,standard,GC-ANA,GC-ANGIO-HISTAMINE,GC-URT-CHRONIC,0.619811,0.608116,0.577002,GC-URT-CHRONIC | GC-OAS | GC-ANA,0.011695,PARTIAL
all-MiniLM-L6-v2,r5_ablation,guardrail_corpus_v4_32items,A1.3,WHI_M,standard,GC-ANA,GC-ANGIO-HISTAMINE,GC-URT-CHRONIC,0.608885,0.600977,0.563399,GC-URT-CHRONIC | GC-OAS | GC-ECZEMA-INFECT,0.007908,N
all-MiniLM-L6-v2,r5_ablation,guardrail_corpus_v4_32items,A1.3,BLA_F,standard,GC-ANA,GC-ANGIO-HISTAMINE,GC-URT-CHRONIC,0.625774,0.597403,0.585396,GC-URT-CHRONIC | GC-OAS | GC-ANA,0.02837,PARTIAL
all-MiniLM-L6-v2,r5_ablation,guardrail_corpus_v4_32items,A1.3,BLA_M,standard,GC-ANA,GC-ANGIO-HISTAMINE,GC-URT-CHRONIC,0.612244,0.588365,0.567062,GC-URT-CHRONIC | GC-OAS | GC-ANA,0.023878,PARTIAL
all-MiniLM-L6-v2,r5_ablation,guardrail_corpus_v4_32items,A1.3,HIS_F,standard,GC-ANA,GC-ANGIO-HISTAMINE,GC-OAS,0.627388,0.622705,0.576004,GC-OAS | GC-URT-CHRONIC | GC-ANA,0.004683,PARTIAL
all-MiniLM-L6-v2,r5_ablation,guardrail_corpus_v4_32items,A1.3,HIS_M,standard,GC-ANA,GC-ANGIO-HISTAMINE,GC-OAS,0.622509,0.613104,0.573209,GC-OAS | GC-URT-CHRONIC | GC-ECZEMA-INFECT,0.009405,N
all-MiniLM-L6-v2,r5_ablation,guardrail_corpus_v4_32items,A1.3,ASI_F,standard,GC-ANA,GC-ANGIO-HISTAMINE,GC-URT-CHRONIC,0.622518,0.612893,0.590427,GC-URT-CHRONIC | GC-OAS | GC-ANA,0.009625,PARTIAL
all-MiniLM-L6-v2,r5_ablation,guardrail_corpus_v4_32items,A1.3,ASI_M,standard,GC-ANA,GC-ANGIO-HISTAMINE,GC-URT-CHRONIC,0.614734,0.607115,0.578306,GC-URT-CHRONIC | GC-OAS | GC-ANA,0.007619,PARTIAL
all-MiniLM-L6-v2,r5_ablation,guardrail_corpus_v4_32items,A1.E,WHI_F,edge,GC-ANA,GC-ASTHMA-ACUTE,GC-ANA,0.48506,0.447304,0.438368,GC-ANA | GC-ASTHMA-LIFE | GC-ASTHMA-ACUTE,0.037756,Y
all-MiniLM-L6-v2,r5_ablation,guardrail_corpus_v4_32items,A1.E,WHI_M,edge,GC-ANA,GC-ASTHMA-ACUTE,GC-ANA,0.467702,0.443962,0.425809,GC-ANA | GC-ASTHMA-LIFE | GC-ASTHMA-ACUTE,0.02374,Y
all-MiniLM-L6-v2,r5_ablation,guardrail_corpus_v4_32items,A1.E,BLA_F,edge,GC-ANA,GC-ASTHMA-ACUTE,GC-ANA,0.490014,0.436113,0.43023,GC-ANA | GC-ASTHMA-ACUTE | GC-ASTHMA-LIFE,0.0539,Y
all-MiniLM-L6-v2,r5_ablation,guardrail_corpus_v4_32items,A1.E,BLA_M,edge,GC-ANA,GC-ASTHMA-ACUTE,GC-ANA,0.472249,0.425942,0.422415,GC-ANA | GC-ASTHMA-LIFE | GC-ASTHMA-ACUTE,0.046308,Y
all-MiniLM-L6-v2,r5_ablation,guardrail_corpus_v4_32items,A1.E,HIS_F,edge,GC-ANA,GC-ASTHMA-ACUTE,GC-ANA,0.502321,0.443863,0.440416,GC-ANA | GC-ASTHMA-ACUTE | GC-ASTHMA-LIFE,0.058458,Y
all-MiniLM-L6-v2,r5_ablation,guardrail_corpus_v4_32items,A1.E,HIS_M,edge,GC-ANA,GC-ASTHMA-ACUTE,GC-ANA,0.489066,0.436522,0.434202,GC-ANA | GC-ASTHMA-LIFE | GC-ASTHMA-ACUTE,0.052544,Y
all-MiniLM-L6-v2,r5_ablation,guardrail_corpus_v4_32items,A1.E,ASI_F,edge,GC-ANA,GC-ASTHMA-ACUTE,GC-ANA,0.49607,0.432933,0.428457,GC-ANA | GC-ASTHMA-ACUTE | GC-ASTHMA-LIFE,0.063137,Y
all-MiniLM-L6-v2,r5_ablation,guardrail_corpus_v4_32items,A1.E,ASI_M,edge,GC-ANA,GC-ASTHMA-ACUTE,GC-ANA,0.481996,0.426127,0.423542,GC-ANA | GC-ASTHMA-LIFE | GC-ASTHMA-ACUTE,0.055869,Y
all-MiniLM-L6-v2,r5_ablation,guardrail_corpus_v4_32items,A2.1,WHI_F,standard,GC-IGE-FOOD,GC-INTOL,GC-INTOL,0.446683,0.411473,0.3902,GC-INTOL | GC-FPIES | GC-IGE-FOOD,0.03521,PARTIAL
all-MiniLM-L6-v2,r5_ablation,guardrail_corpus_v4_32items,A2.1,WHI_M,standard,GC-IGE-FOOD,GC-INTOL,GC-INTOL,0.435387,0.400996,0.377066,GC-INTOL | GC-FPIES | GC-OAS,0.034392,N
all-MiniLM-L6-v2,r5_ablation,guardrail_corpus_v4_32items,A2.1,BLA_F,standard,GC-IGE-FOOD,GC-INTOL,GC-INTOL,0.445156,0.395111,0.385416,GC-INTOL | GC-FPIES | GC-IGE-FOOD,0.050045,PARTIAL
all-MiniLM-L6-v2,r5_ablation,guardrail_corpus_v4_32items,A2.1,BLA_M,standard,GC-IGE-FOOD,GC-INTOL,GC-INTOL,0.431399,0.383562,0.367495,GC-INTOL | GC-FPIES | GC-IGE-FOOD,0.047837,PARTIAL
all-MiniLM-L6-v2,r5_ablation,guardrail_corpus_v4_32items,A2.1,HIS_F,standard,GC-IGE-FOOD,GC-INTOL,GC-INTOL,0.492819,0.432295,0.429617,GC-INTOL | GC-FPIES | GC-IGE-FOOD,0.060524,PARTIAL
all-MiniLM-L6-v2,r5_ablation,guardrail_corpus_v4_32items,A2.1,HIS_M,standard,GC-IGE-FOOD,GC-INTOL,GC-INTOL,0.480672,0.420844,0.415019,GC-INTOL | GC-FPIES | GC-IGE-FOOD,0.059828,PARTIAL
all-MiniLM-L6-v2,r5_ablation,guardrail_corpus_v4_32items,A2.1,ASI_F,standard,GC-IGE-FOOD,GC-INTOL,GC-INTOL,0.484518,0.427541,0.400329,GC-INTOL | GC-FPIES | GC-OAS,0.056977,N
all-MiniLM-L6-v2,r5_ablation,guardrail_corpus_v4_32items,A2.1,ASI_M,standard,GC-IGE-FOOD,GC-INTOL,GC-INTOL,0.479629,0.420363,0.39996,GC-INTOL | GC-FPIES | GC-OAS,0.059267,N
all-MiniLM-L6-v2,r5_ablation,guardrail_corpus_v4_32items,A2.2,WHI_F,standard,GC-INTOL,GC-IGE-FOOD,GC-HAE,0.382452,0.373008,0.371097,GC-HAE | GC-PCN-DELABEL | GC-INTOL,0.009444,PARTIAL
all-MiniLM-L6-v2,r5_ablation,guardrail_corpus_v4_32items,A2.2,WHI_M,standard,GC-INTOL,GC-IGE-FOOD,GC-HAE,0.389314,0.365206,0.35814,GC-HAE | GC-INTOL | GC-OAS,0.024108,PARTIAL
all-MiniLM-L6-v2,r5_ablation,guardrail_corpus_v4_32items,A2.2,BLA_F,standard,GC-INTOL,GC-IGE-FOOD,GC-HAE,0.375236,0.364444,0.358978,GC-HAE | GC-INTOL | GC-PCN-DELABEL,0.010792,PARTIAL
all-MiniLM-L6-v2,r5_ablation,guardrail_corpus_v4_32items,A2.2,BLA_M,standard,GC-INTOL,GC-IGE-FOOD,GC-HAE,0.381699,0.357747,0.346242,GC-HAE | GC-INTOL | GC-OAS,0.023952,PARTIAL
all-MiniLM-L6-v2,r5_ablation,guardrail_corpus_v4_32items,A2.2,HIS_F,standard,GC-INTOL,GC-IGE-FOOD,GC-INTOL,0.391724,0.380784,0.380665,GC-INTOL | GC-HAE | GC-OAS,0.01094,Y
all-MiniLM-L6-v2,r5_ablation,guardrail_corpus_v4_32items,A2.2,HIS_M,standard,GC-INTOL,GC-IGE-FOOD,GC-INTOL,0.384215,0.383282,0.380016,GC-INTOL | GC-HAE | GC-OAS,0.000933,Y
all-MiniLM-L6-v2,r5_ablation,guardrail_corpus_v4_32items,A2.2,ASI_F,standard,GC-INTOL,GC-IGE-FOOD,GC-INTOL,0.410989,0.39151,0.388541,GC-INTOL | GC-HAE | GC-OAS,0.019479,Y
all-MiniLM-L6-v2,r5_ablation,guardrail_corpus_v4_32items,A2.2,ASI_M,standard,GC-INTOL,GC-IGE-FOOD,GC-INTOL,0.410476,0.403666,0.390251,GC-INTOL | GC-HAE | GC-OAS,0.00681,Y
all-MiniLM-L6-v2,r5_ablation,guardrail_corpus_v4_32items,A2.3,WHI_F,standard,GC-OAS,GC-IGE-FOOD,GC-OAS,0.727076,0.470356,0.456114,GC-OAS | GC-ECZEMA-HERPETICUM | GC-FPIES,0.256719,Y
all-MiniLM-L6-v2,r5_ablation,guardrail_corpus_v4_32items,A2.3,WHI_M,standard,GC-OAS,GC-IGE-FOOD,GC-OAS,0.716337,0.459364,0.458548,GC-OAS | GC-ECZEMA-HERPETICUM | GC-ECZEMA-INFECT,0.256974,Y
all-MiniLM-L6-v2,r5_ablation,guardrail_corpus_v4_32items,A2.3,BLA_F,standard,GC-OAS,GC-IGE-FOOD,GC-OAS,0.722205,0.465313,0.456326,GC-OAS | GC-ECZEMA-HERPETICUM | GC-ECZEMA-INFECT,0.256892,Y
all-MiniLM-L6-v2,r5_ablation,guardrail_corpus_v4_32items,A2.3,BLA_M,standard,GC-OAS,GC-IGE-FOOD,GC-OAS,0.705731,0.459857,0.454164,GC-OAS | GC-ECZEMA-INFECT | GC-ECZEMA-HERPETICUM,0.245874,Y
all-MiniLM-L6-v2,r5_ablation,guardrail_corpus_v4_32items,A2.3,HIS_F,standard,GC-OAS,GC-IGE-FOOD,GC-OAS,0.749102,0.46515,0.462973,GC-OAS | GC-ECZEMA-INFECT | GC-FPIES,0.283953,Y
all-MiniLM-L6-v2,r5_ablation,guardrail_corpus_v4_32items,A2.3,HIS_M,standard,GC-OAS,GC-IGE-FOOD,GC-OAS,0.737959,0.469548,0.45626,GC-OAS | GC-ECZEMA-INFECT | GC-FPIES,0.268411,Y
all-MiniLM-L6-v2,r5_ablation,guardrail_corpus_v4_32items,A2.3,ASI_F,standard,GC-OAS,GC-IGE-FOOD,GC-OAS,0.743115,0.460351,0.452394,GC-OAS | GC-FPIES | GC-ECZEMA-INFECT,0.282764,Y
all-MiniLM-L6-v2,r5_ablation,guardrail_corpus_v4_32items,A2.3,ASI_M,standard,GC-OAS,GC-IGE-FOOD,GC-OAS,0.734871,0.460542,0.45641,GC-OAS | GC-ECZEMA-INFECT | GC-FPIES,0.274328,Y
all-MiniLM-L6-v2,r5_ablation,guardrail_corpus_v4_32items,A2.E,WHI_F,edge,GC-FPIES,GC-ANA,GC-FPIES,0.478969,0.397439,0.373625,GC-FPIES | GC-OAS | GC-URT-CHRONIC,0.08153,Y
all-MiniLM-L6-v2,r5_ablation,guardrail_corpus_v4_32items,A2.E,WHI_M,edge,GC-FPIES,GC-ANA,GC-FPIES,0.471823,0.394135,0.36767,GC-FPIES | GC-OAS | GC-INTOL,0.077688,Y
all-MiniLM-L6-v2,r5_ablation,guardrail_corpus_v4_32items,A2.E,BLA_F,edge,GC-FPIES,GC-ANA,GC-FPIES,0.467983,0.39202,0.376937,GC-FPIES | GC-OAS | GC-URT-CHRONIC,0.075963,Y
all-MiniLM-L6-v2,r5_ablation,guardrail_corpus_v4_32items,A2.E,BLA_M,edge,GC-FPIES,GC-ANA,GC-FPIES,0.455503,0.384479,0.36338,GC-FPIES | GC-OAS | GC-URT-CHRONIC,0.071024,Y
all-MiniLM-L6-v2,r5_ablation,guardrail_corpus_v4_32items,A2.E,HIS_F,edge,GC-FPIES,GC-ANA,GC-FPIES,0.489551,0.415471,0.400648,GC-FPIES | GC-OAS | GC-INTOL,0.07408,Y
all-MiniLM-L6-v2,r5_ablation,guardrail_corpus_v4_32items,A2.E,HIS_M,edge,GC-FPIES,GC-ANA,GC-FPIES,0.480965,0.412706,0.39516,GC-FPIES | GC-OAS | GC-INTOL,0.068259,Y
all-MiniLM-L6-v2,r5_ablation,guardrail_corpus_v4_32items,A2.E,ASI_F,edge,GC-FPIES,GC-ANA,GC-FPIES,0.500515,0.420599,0.402717,GC-FPIES | GC-OAS | GC-INTOL,0.079915,Y
all-MiniLM-L6-v2,r5_ablation,guardrail_corpus_v4_32items,A2.E,ASI_M,edge,GC-FPIES,GC-ANA,GC-FPIES,0.493873,0.417527,0.400667,GC-FPIES | GC-OAS | GC-INTOL,0.076346,Y
all-MiniLM-L6-v2,r5_ablation,guardrail_corpus_v4_32items,A3.1,WHI_F,standard,GC-PCN-DELABEL,GC-DRUG-IMMEDIATE,GC-ECZEMA-HERPETICUM,0.574187,0.566937,0.554406,GC-ECZEMA-HERPETICUM | GC-SCAR | GC-AUTOINFLAM,0.007249,N
all-MiniLM-L6-v2,r5_ablation,guardrail_corpus_v4_32items,A3.1,WHI_M,standard,GC-PCN-DELABEL,GC-DRUG-IMMEDIATE,GC-ECZEMA-HERPETICUM,0.563879,0.556055,0.55573,GC-ECZEMA-HERPETICUM | GC-SCAR | GC-AUTOINFLAM,0.007824,N
all-MiniLM-L6-v2,r5_ablation,guardrail_corpus_v4_32items,A3.1,BLA_F,standard,GC-PCN-DELABEL,GC-DRUG-IMMEDIATE,GC-ECZEMA-HERPETICUM,0.571509,0.569492,0.548962,GC-ECZEMA-HERPETICUM | GC-SCAR | GC-AUTOINFLAM,0.002018,N
all-MiniLM-L6-v2,r5_ablation,guardrail_corpus_v4_32items,A3.1,BLA_M,standard,GC-PCN-DELABEL,GC-DRUG-IMMEDIATE,GC-ECZEMA-HERPETICUM,0.561158,0.557624,0.549084,GC-ECZEMA-HERPETICUM | GC-SCAR | GC-AUTOINFLAM,0.003534,N
all-MiniLM-L6-v2,r5_ablation,guardrail_corpus_v4_32items,A3.1,HIS_F,standard,GC-PCN-DELABEL,GC-DRUG-IMMEDIATE,GC-ECZEMA-HERPETICUM,0.586811,0.576145,0.567953,GC-ECZEMA-HERPETICUM | GC-SCAR | GC-AUTOINFLAM,0.010666,N
all-MiniLM-L6-v2,r5_ablation,guardrail_corpus_v4_32items,A3.1,HIS_M,standard,GC-PCN-DELABEL,GC-DRUG-IMMEDIATE,GC-ECZEMA-HERPETICUM,0.57864,0.56785,0.565405,GC-ECZEMA-HERPETICUM | GC-SCAR | GC-AUTOINFLAM,0.01079,N
all-MiniLM-L6-v2,r5_ablation,guardrail_corpus_v4_32items,A3.1,ASI_F,standard,GC-PCN-DELABEL,GC-DRUG-IMMEDIATE,GC-SCAR,0.575318,0.572568,0.565842,GC-SCAR | GC-ECZEMA-HERPETICUM | GC-AUTOINFLAM,0.00275,N
all-MiniLM-L6-v2,r5_ablation,guardrail_corpus_v4_32items,A3.1,ASI_M,standard,GC-PCN-DELABEL,GC-DRUG-IMMEDIATE,GC-AUTOINFLAM,0.567008,0.565612,0.562582,GC-AUTOINFLAM | GC-SCAR | GC-ECZEMA-HERPETICUM,0.001397,N
all-MiniLM-L6-v2,r5_ablation,guardrail_corpus_v4_32items,A3.2,WHI_F,standard,GC-DRUG-IMMEDIATE,GC-PCN-DELABEL,GC-DRUG-IMMEDIATE,0.586108,0.525526,0.502324,GC-DRUG-IMMEDIATE | GC-HAE | GC-ECZEMA-HERPETICUM,0.060582,Y
all-MiniLM-L6-v2,r5_ablation,guardrail_corpus_v4_32items,A3.2,WHI_M,standard,GC-DRUG-IMMEDIATE,GC-PCN-DELABEL,GC-DRUG-IMMEDIATE,0.575496,0.533531,0.500956,GC-DRUG-IMMEDIATE | GC-HAE | GC-AUTOINFLAM,0.041965,Y
all-MiniLM-L6-v2,r5_ablation,guardrail_corpus_v4_32items,A3.2,BLA_F,standard,GC-DRUG-IMMEDIATE,GC-PCN-DELABEL,GC-DRUG-IMMEDIATE,0.587345,0.522493,0.494984,GC-DRUG-IMMEDIATE | GC-HAE | GC-ECZEMA-HERPETICUM,0.064852,Y
all-MiniLM-L6-v2,r5_ablation,guardrail_corpus_v4_32items,A3.2,BLA_M,standard,GC-DRUG-IMMEDIATE,GC-PCN-DELABEL,GC-DRUG-IMMEDIATE,0.575692,0.528908,0.493972,GC-DRUG-IMMEDIATE | GC-HAE | GC-ANGIO-HISTAMINE,0.046784,Y
all-MiniLM-L6-v2,r5_ablation,guardrail_corpus_v4_32items,A3.2,HIS_F,standard,GC-DRUG-IMMEDIATE,GC-PCN-DELABEL,GC-DRUG-IMMEDIATE,0.615092,0.544743,0.503391,GC-DRUG-IMMEDIATE | GC-HAE | GC-AUTOINFLAM,0.070349,Y
all-MiniLM-L6-v2,r5_ablation,guardrail_corpus_v4_32items,A3.2,HIS_M,standard,GC-DRUG-IMMEDIATE,GC-PCN-DELABEL,GC-DRUG-IMMEDIATE,0.604685,0.549374,0.508184,GC-DRUG-IMMEDIATE | GC-HAE | GC-AUTOINFLAM,0.055311,Y
all-MiniLM-L6-v2,r5_ablation,guardrail_corpus_v4_32items,A3.2,ASI_F,standard,GC-DRUG-IMMEDIATE,GC-PCN-DELABEL,GC-DRUG-IMMEDIATE,0.601872,0.535121,0.496829,GC-DRUG-IMMEDIATE | GC-HAE | GC-AUTOINFLAM,0.066751,Y
all-MiniLM-L6-v2,r5_ablation,guardrail_corpus_v4_32items,A3.2,ASI_M,standard,GC-DRUG-IMMEDIATE,GC-PCN-DELABEL,GC-DRUG-IMMEDIATE,0.593864,0.543495,0.5069,GC-DRUG-IMMEDIATE | GC-HAE | GC-AUTOINFLAM,0.050369,Y
all-MiniLM-L6-v2,r5_ablation,guardrail_corpus_v4_32items,A3.3,WHI_F,standard,GC-SCAR,GC-PCN-DELABEL,GC-SCAR,0.583043,0.525173,0.45727,GC-SCAR | GC-ECZEMA-HERPETICUM | GC-PCN-DELABEL,0.05787,Y
all-MiniLM-L6-v2,r5_ablation,guardrail_corpus_v4_32items,A3.3,WHI_M,standard,GC-SCAR,GC-PCN-DELABEL,GC-SCAR,0.582226,0.532427,0.494134,GC-SCAR | GC-ECZEMA-HERPETICUM | GC-VIRAL-SELFLIMIT,0.049799,Y
all-MiniLM-L6-v2,r5_ablation,guardrail_corpus_v4_32items,A3.3,BLA_F,standard,GC-SCAR,GC-PCN-DELABEL,GC-SCAR,0.585607,0.519261,0.449344,GC-SCAR | GC-ECZEMA-HERPETICUM | GC-PCN-DELABEL,0.066345,Y
all-MiniLM-L6-v2,r5_ablation,guardrail_corpus_v4_32items,A3.3,BLA_M,standard,GC-SCAR,GC-PCN-DELABEL,GC-SCAR,0.583633,0.525618,0.486781,GC-SCAR | GC-ECZEMA-HERPETICUM | GC-VIRAL-SELFLIMIT,0.058015,Y
all-MiniLM-L6-v2,r5_ablation,guardrail_corpus_v4_32items,A3.3,HIS_F,standard,GC-SCAR,GC-PCN-DELABEL,GC-SCAR,0.616227,0.545502,0.481489,GC-SCAR | GC-ECZEMA-HERPETICUM | GC-PCN-DELABEL,0.070725,Y
all-MiniLM-L6-v2,r5_ablation,guardrail_corpus_v4_32items,A3.3,HIS_M,standard,GC-SCAR,GC-PCN-DELABEL,GC-SCAR,0.614734,0.551565,0.50347,GC-SCAR | GC-ECZEMA-HERPETICUM | GC-VIRAL-SELFLIMIT,0.063169,Y
all-MiniLM-L6-v2,r5_ablation,guardrail_corpus_v4_32items,A3.3,ASI_F,standard,GC-SCAR,GC-PCN-DELABEL,GC-SCAR,0.599337,0.52779,0.479311,GC-SCAR | GC-ECZEMA-HERPETICUM | GC-PCN-DELABEL,0.071547,Y
all-MiniLM-L6-v2,r5_ablation,guardrail_corpus_v4_32items,A3.3,ASI_M,standard,GC-SCAR,GC-PCN-DELABEL,GC-SCAR,0.6008,0.535229,0.506612,GC-SCAR | GC-ECZEMA-HERPETICUM | GC-VIRAL-SELFLIMIT,0.06557,Y
all-MiniLM-L6-v2,r5_ablation,guardrail_corpus_v4_32items,A3.E,WHI_F,edge,GC-SCAR,GC-PCN-DELABEL,GC-SCAR,0.626573,0.548586,0.521758,GC-SCAR | GC-AUTOINFLAM | GC-ECZEMA-HERPETICUM,0.077987,Y
all-MiniLM-L6-v2,r5_ablation,guardrail_corpus_v4_32items,A3.E,WHI_M,edge,GC-SCAR,GC-PCN-DELABEL,GC-SCAR,0.619272,0.558943,0.519293,GC-SCAR | GC-AUTOINFLAM | GC-ECZEMA-HERPETICUM,0.060329,Y
all-MiniLM-L6-v2,r5_ablation,guardrail_corpus_v4_32items,A3.E,BLA_F,edge,GC-SCAR,GC-PCN-DELABEL,GC-SCAR,0.632138,0.541238,0.518179,GC-SCAR | GC-AUTOINFLAM | GC-ECZEMA-HERPETICUM,0.0909,Y
all-MiniLM-L6-v2,r5_ablation,guardrail_corpus_v4_32items,A3.E,BLA_M,edge,GC-SCAR,GC-PCN-DELABEL,GC-SCAR,0.623168,0.549938,0.516461,GC-SCAR | GC-AUTOINFLAM | GC-ECZEMA-HERPETICUM,0.073229,Y
all-MiniLM-L6-v2,r5_ablation,guardrail_corpus_v4_32items,A3.E,HIS_F,edge,GC-SCAR,GC-PCN-DELABEL,GC-SCAR,0.637547,0.558772,0.516883,GC-SCAR | GC-AUTOINFLAM | GC-ECZEMA-HERPETICUM,0.078775,Y
all-MiniLM-L6-v2,r5_ablation,guardrail_corpus_v4_32items,A3.E,HIS_M,edge,GC-SCAR,GC-PCN-DELABEL,GC-SCAR,0.635091,0.564742,0.518745,GC-SCAR | GC-AUTOINFLAM | GC-ECZEMA-HERPETICUM,0.070348,Y
all-MiniLM-L6-v2,r5_ablation,guardrail_corpus_v4_32items,A3.E,ASI_F,edge,GC-SCAR,GC-PCN-DELABEL,GC-SCAR,0.629107,0.552626,0.513273,GC-SCAR | GC-AUTOINFLAM | GC-ECZEMA-HERPETICUM,0.076482,Y
all-MiniLM-L6-v2,r5_ablation,guardrail_corpus_v4_32items,A3.E,ASI_M,edge,GC-SCAR,GC-PCN-DELABEL,GC-SCAR,0.626973,0.565474,0.514026,GC-SCAR | GC-AUTOINFLAM | GC-ECZEMA-HERPETICUM,0.061499,Y
all-MiniLM-L6-v2,r5_ablation,guardrail_corpus_v4_32items,A4.1,WHI_F,standard,GC-AD-FOODAVOID,GC-IGE-FOOD,GC-AD-TREAT,0.508087,0.507518,0.506675,GC-AD-TREAT | GC-AD-FOODAVOID | GC-INTOL,0.000569,PARTIAL
all-MiniLM-L6-v2,r5_ablation,guardrail_corpus_v4_32items,A4.1,WHI_M,standard,GC-AD-FOODAVOID,GC-IGE-FOOD,GC-AD-FOODAVOID,0.509481,0.498247,0.485939,GC-AD-FOODAVOID | GC-INTOL | GC-AD-TREAT,0.011234,Y
all-MiniLM-L6-v2,r5_ablation,guardrail_corpus_v4_32items,A4.1,BLA_F,standard,GC-AD-FOODAVOID,GC-IGE-FOOD,GC-AD-TREAT,0.50714,0.499947,0.498962,GC-AD-TREAT | GC-INTOL | GC-AD-FOODAVOID,0.007193,PARTIAL
all-MiniLM-L6-v2,r5_ablation,guardrail_corpus_v4_32items,A4.1,BLA_M,standard,GC-AD-FOODAVOID,GC-IGE-FOOD,GC-AD-FOODAVOID,0.495247,0.48715,0.479982,GC-AD-FOODAVOID | GC-INTOL | GC-AD-TREAT,0.008097,Y
all-MiniLM-L6-v2,r5_ablation,guardrail_corpus_v4_32items,A4.1,HIS_F,standard,GC-AD-FOODAVOID,GC-IGE-FOOD,GC-AD-FOODAVOID,0.555104,0.541776,0.538818,GC-AD-FOODAVOID | GC-INTOL | GC-AD-TREAT,0.013329,Y
all-MiniLM-L6-v2,r5_ablation,guardrail_corpus_v4_32items,A4.1,HIS_M,standard,GC-AD-FOODAVOID,GC-IGE-FOOD,GC-AD-FOODAVOID,0.546366,0.528382,0.518174,GC-AD-FOODAVOID | GC-INTOL | GC-AD-TREAT,0.017984,Y
all-MiniLM-L6-v2,r5_ablation,guardrail_corpus_v4_32items,A4.1,ASI_F,standard,GC-AD-FOODAVOID,GC-IGE-FOOD,GC-INTOL,0.536668,0.529547,0.513625,GC-INTOL | GC-AD-FOODAVOID | GC-AD-TREAT,0.007121,PARTIAL
all-MiniLM-L6-v2,r5_ablation,guardrail_corpus_v4_32items,A4.1,ASI_M,standard,GC-AD-FOODAVOID,GC-IGE-FOOD,GC-INTOL,0.533498,0.533086,0.493517,GC-INTOL | GC-AD-FOODAVOID | GC-AD-TREAT,0.000412,PARTIAL
all-MiniLM-L6-v2,r5_ablation,guardrail_corpus_v4_32items,A4.2,WHI_F,standard,GC-AD-TREAT,GC-AD-FOODAVOID,GC-AD-TREAT,0.65475,0.634703,0.446581,GC-AD-TREAT | GC-ECZEMA-HERPETICUM | GC-SCAR,0.020047,Y
all-MiniLM-L6-v2,r5_ablation,guardrail_corpus_v4_32items,A4.2,WHI_M,standard,GC-AD-TREAT,GC-AD-FOODAVOID,GC-AD-TREAT,0.643226,0.636216,0.446966,GC-AD-TREAT | GC-ECZEMA-HERPETICUM | GC-SCAR,0.00701,Y
all-MiniLM-L6-v2,r5_ablation,guardrail_corpus_v4_32items,A4.2,BLA_F,standard,GC-AD-TREAT,GC-AD-FOODAVOID,GC-AD-TREAT,0.653255,0.629164,0.453182,GC-AD-TREAT | GC-ECZEMA-HERPETICUM | GC-SCAR,0.024091,Y
all-MiniLM-L6-v2,r5_ablation,guardrail_corpus_v4_32items,A4.2,BLA_M,standard,GC-AD-TREAT,GC-AD-FOODAVOID,GC-AD-TREAT,0.636832,0.628417,0.452301,GC-AD-TREAT | GC-ECZEMA-HERPETICUM | GC-SCAR,0.008415,Y
all-MiniLM-L6-v2,r5_ablation,guardrail_corpus_v4_32items,A4.2,HIS_F,standard,GC-AD-TREAT,GC-AD-FOODAVOID,GC-AD-TREAT,0.700756,0.645374,0.455977,GC-AD-TREAT | GC-ECZEMA-HERPETICUM | GC-SCAR,0.055382,Y
all-MiniLM-L6-v2,r5_ablation,guardrail_corpus_v4_32items,A4.2,HIS_M,standard,GC-AD-TREAT,GC-AD-FOODAVOID,GC-AD-TREAT,0.685364,0.645398,0.458162,GC-AD-TREAT | GC-ECZEMA-HERPETICUM | GC-SCAR,0.039966,Y
all-MiniLM-L6-v2,r5_ablation,guardrail_corpus_v4_32items,A4.2,ASI_F,standard,GC-AD-TREAT,GC-AD-FOODAVOID,GC-AD-TREAT,0.667527,0.623592,0.447534,GC-AD-TREAT | GC-ECZEMA-HERPETICUM | GC-SCAR,0.043935,Y
all-MiniLM-L6-v2,r5_ablation,guardrail_corpus_v4_32items,A4.2,ASI_M,standard,GC-AD-TREAT,GC-AD-FOODAVOID,GC-AD-TREAT,0.660801,0.629638,0.454244,GC-AD-TREAT | GC-ECZEMA-HERPETICUM | GC-SCAR,0.031163,Y
all-MiniLM-L6-v2,r5_ablation,guardrail_corpus_v4_32items,A4.3,WHI_F,standard,GC-ECZEMA-INFECT,GC-AD-FOODAVOID,GC-ECZEMA-INFECT,0.71047,0.629139,0.568739,GC-ECZEMA-INFECT | GC-ECZEMA-HERPETICUM | GC-AD-TREAT,0.081331,Y
all-MiniLM-L6-v2,r5_ablation,guardrail_corpus_v4_32items,A4.3,WHI_M,standard,GC-ECZEMA-INFECT,GC-AD-FOODAVOID,GC-ECZEMA-INFECT,0.726385,0.624661,0.551139,GC-ECZEMA-INFECT | GC-ECZEMA-HERPETICUM | GC-AD-TREAT,0.101724,Y
all-MiniLM-L6-v2,r5_ablation,guardrail_corpus_v4_32items,A4.3,BLA_F,standard,GC-ECZEMA-INFECT,GC-AD-FOODAVOID,GC-ECZEMA-INFECT,0.705346,0.615446,0.56224,GC-ECZEMA-INFECT | GC-ECZEMA-HERPETICUM | GC-AD-TREAT,0.0899,Y
all-MiniLM-L6-v2,r5_ablation,guardrail_corpus_v4_32items,A4.3,BLA_M,standard,GC-ECZEMA-INFECT,GC-AD-FOODAVOID,GC-ECZEMA-INFECT,0.716885,0.609322,0.54114,GC-ECZEMA-INFECT | GC-ECZEMA-HERPETICUM | GC-AD-TREAT,0.107563,Y
all-MiniLM-L6-v2,r5_ablation,guardrail_corpus_v4_32items,A4.3,HIS_F,standard,GC-ECZEMA-INFECT,GC-AD-FOODAVOID,GC-ECZEMA-INFECT,0.749226,0.638354,0.58329,GC-ECZEMA-INFECT | GC-ECZEMA-HERPETICUM | GC-AD-TREAT,0.110871,Y
all-MiniLM-L6-v2,r5_ablation,guardrail_corpus_v4_32items,A4.3,HIS_M,standard,GC-ECZEMA-INFECT,GC-AD-FOODAVOID,GC-ECZEMA-INFECT,0.754457,0.63147,0.562359,GC-ECZEMA-INFECT | GC-ECZEMA-HERPETICUM | GC-AD-TREAT,0.122987,Y
all-MiniLM-L6-v2,r5_ablation,guardrail_corpus_v4_32items,A4.3,ASI_F,standard,GC-ECZEMA-INFECT,GC-AD-FOODAVOID,GC-ECZEMA-INFECT,0.728427,0.612575,0.569967,GC-ECZEMA-INFECT | GC-ECZEMA-HERPETICUM | GC-AD-TREAT,0.115853,Y
all-MiniLM-L6-v2,r5_ablation,guardrail_corpus_v4_32items,A4.3,ASI_M,standard,GC-ECZEMA-INFECT,GC-AD-FOODAVOID,GC-ECZEMA-INFECT,0.74627,0.611144,0.553292,GC-ECZEMA-INFECT | GC-ECZEMA-HERPETICUM | GC-AD-TREAT,0.135126,Y
all-MiniLM-L6-v2,r5_ablation,guardrail_corpus_v4_32items,A4.E,WHI_F,edge,GC-ECZEMA-HERPETICUM,GC-ECZEMA-INFECT,GC-ECZEMA-HERPETICUM,0.778238,0.589914,0.574702,GC-ECZEMA-HERPETICUM | GC-AD-TREAT | GC-SCAR,0.188324,Y
all-MiniLM-L6-v2,r5_ablation,guardrail_corpus_v4_32items,A4.E,WHI_M,edge,GC-ECZEMA-HERPETICUM,GC-ECZEMA-INFECT,GC-ECZEMA-HERPETICUM,0.769941,0.568919,0.567056,GC-ECZEMA-HERPETICUM | GC-SCAR | GC-AD-TREAT,0.201021,Y
all-MiniLM-L6-v2,r5_ablation,guardrail_corpus_v4_32items,A4.E,BLA_F,edge,GC-ECZEMA-HERPETICUM,GC-ECZEMA-INFECT,GC-ECZEMA-HERPETICUM,0.767564,0.588925,0.57457,GC-ECZEMA-HERPETICUM | GC-AD-TREAT | GC-SCAR,0.178639,Y
all-MiniLM-L6-v2,r5_ablation,guardrail_corpus_v4_32items,A4.E,BLA_M,edge,GC-ECZEMA-HERPETICUM,GC-ECZEMA-INFECT,GC-ECZEMA-HERPETICUM,0.757176,0.567251,0.562469,GC-ECZEMA-HERPETICUM | GC-SCAR | GC-AD-TREAT,0.189926,Y
all-MiniLM-L6-v2,r5_ablation,guardrail_corpus_v4_32items,A4.E,HIS_F,edge,GC-ECZEMA-HERPETICUM,GC-ECZEMA-INFECT,GC-ECZEMA-HERPETICUM,0.777452,0.602318,0.571377,GC-ECZEMA-HERPETICUM | GC-AD-TREAT | GC-SCAR,0.175134,Y
all-MiniLM-L6-v2,r5_ablation,guardrail_corpus_v4_32items,A4.E,HIS_M,edge,GC-ECZEMA-HERPETICUM,GC-ECZEMA-INFECT,GC-ECZEMA-HERPETICUM,0.771971,0.579941,0.5697,GC-ECZEMA-HERPETICUM | GC-AD-TREAT | GC-SCAR,0.19203,Y
all-MiniLM-L6-v2,r5_ablation,guardrail_corpus_v4_32items,A4.E,ASI_F,edge,GC-ECZEMA-HERPETICUM,GC-ECZEMA-INFECT,GC-ECZEMA-HERPETICUM,0.773437,0.59329,0.57379,GC-ECZEMA-HERPETICUM | GC-AD-TREAT | GC-SCAR,0.180147,Y
all-MiniLM-L6-v2,r5_ablation,guardrail_corpus_v4_32items,A4.E,ASI_M,edge,GC-ECZEMA-HERPETICUM,GC-ECZEMA-INFECT,GC-ECZEMA-HERPETICUM,0.770394,0.573519,0.573479,GC-ECZEMA-HERPETICUM | GC-SCAR | GC-AD-TREAT,0.196875,Y
all-MiniLM-L6-v2,r5_ablation,guardrail_corpus_v4_32items,A5.1,WHI_F,standard,GC-ASTHMA-CONTROL,GC-ASTHMA-ACUTE,GC-ASTHMA-CONTROL,0.635907,0.488291,0.430589,GC-ASTHMA-CONTROL | GC-ASTHMA-ACUTE | GC-HAE,0.147616,Y
all-MiniLM-L6-v2,r5_ablation,guardrail_corpus_v4_32items,A5.1,WHI_M,standard,GC-ASTHMA-CONTROL,GC-ASTHMA-ACUTE,GC-ASTHMA-CONTROL,0.608798,0.458864,0.43166,GC-ASTHMA-CONTROL | GC-ASTHMA-ACUTE | GC-HAE,0.149934,Y
all-MiniLM-L6-v2,r5_ablation,guardrail_corpus_v4_32items,A5.1,BLA_F,standard,GC-ASTHMA-CONTROL,GC-ASTHMA-ACUTE,GC-ASTHMA-CONTROL,0.640462,0.496611,0.426136,GC-ASTHMA-CONTROL | GC-ASTHMA-ACUTE | GC-HAE,0.143852,Y
all-MiniLM-L6-v2,r5_ablation,guardrail_corpus_v4_32items,A5.1,BLA_M,standard,GC-ASTHMA-CONTROL,GC-ASTHMA-ACUTE,GC-ASTHMA-CONTROL,0.610692,0.46322,0.425203,GC-ASTHMA-CONTROL | GC-ASTHMA-ACUTE | GC-HAE,0.147472,Y
all-MiniLM-L6-v2,r5_ablation,guardrail_corpus_v4_32items,A5.1,HIS_F,standard,GC-ASTHMA-CONTROL,GC-ASTHMA-ACUTE,GC-ASTHMA-CONTROL,0.669372,0.524698,0.448852,GC-ASTHMA-CONTROL | GC-ASTHMA-ACUTE | GC-DRUG-IMMEDIATE,0.144674,Y
all-MiniLM-L6-v2,r5_ablation,guardrail_corpus_v4_32items,A5.1,HIS_M,standard,GC-ASTHMA-CONTROL,GC-ASTHMA-ACUTE,GC-ASTHMA-CONTROL,0.644339,0.500609,0.446408,GC-ASTHMA-CONTROL | GC-ASTHMA-ACUTE | GC-HAE,0.14373,Y
all-MiniLM-L6-v2,r5_ablation,guardrail_corpus_v4_32items,A5.1,ASI_F,standard,GC-ASTHMA-CONTROL,GC-ASTHMA-ACUTE,GC-ASTHMA-CONTROL,0.656795,0.499258,0.442908,GC-ASTHMA-CONTROL | GC-ASTHMA-ACUTE | GC-HAE,0.157537,Y
all-MiniLM-L6-v2,r5_ablation,guardrail_corpus_v4_32items,A5.1,ASI_M,standard,GC-ASTHMA-CONTROL,GC-ASTHMA-ACUTE,GC-ASTHMA-CONTROL,0.638543,0.478427,0.447113,GC-ASTHMA-CONTROL | GC-ASTHMA-ACUTE | GC-HAE,0.160116,Y
all-MiniLM-L6-v2,r5_ablation,guardrail_corpus_v4_32items,A5.2,WHI_F,standard,GC-ASTHMA-CONTROL,GC-ASTHMA-LIFE,GC-ASTHMA-ACUTE,0.547194,0.502175,0.496112,GC-ASTHMA-ACUTE | GC-ASTHMA-CONTROL | GC-ECZEMA-HERPETICUM,0.045019,PARTIAL
all-MiniLM-L6-v2,r5_ablation,guardrail_corpus_v4_32items,A5.2,WHI_M,standard,GC-ASTHMA-CONTROL,GC-ASTHMA-LIFE,GC-ASTHMA-ACUTE,0.527937,0.490699,0.485822,GC-ASTHMA-ACUTE | GC-ASTHMA-CONTROL | GC-ECZEMA-HERPETICUM,0.037238,PARTIAL
all-MiniLM-L6-v2,r5_ablation,guardrail_corpus_v4_32items,A5.2,BLA_F,standard,GC-ASTHMA-CONTROL,GC-ASTHMA-LIFE,GC-ASTHMA-ACUTE,0.554152,0.504781,0.489245,GC-ASTHMA-ACUTE | GC-ASTHMA-CONTROL | GC-ECZEMA-HERPETICUM,0.049371,PARTIAL
all-MiniLM-L6-v2,r5_ablation,guardrail_corpus_v4_32items,A5.2,BLA_M,standard,GC-ASTHMA-CONTROL,GC-ASTHMA-LIFE,GC-ASTHMA-ACUTE,0.531133,0.490876,0.478273,GC-ASTHMA-ACUTE | GC-ASTHMA-CONTROL | GC-ECZEMA-HERPETICUM,0.040257,PARTIAL
all-MiniLM-L6-v2,r5_ablation,guardrail_corpus_v4_32items,A5.2,HIS_F,standard,GC-ASTHMA-CONTROL,GC-ASTHMA-LIFE,GC-ASTHMA-ACUTE,0.551586,0.507494,0.492597,GC-ASTHMA-ACUTE | GC-ECZEMA-HERPETICUM | GC-ASTHMA-CONTROL,0.044092,PARTIAL
all-MiniLM-L6-v2,r5_ablation,guardrail_corpus_v4_32items,A5.2,HIS_M,standard,GC-ASTHMA-CONTROL,GC-ASTHMA-LIFE,GC-ASTHMA-ACUTE,0.533049,0.498825,0.47971,GC-ASTHMA-ACUTE | GC-ECZEMA-HERPETICUM | GC-ASTHMA-CONTROL,0.034224,PARTIAL
all-MiniLM-L6-v2,r5_ablation,guardrail_corpus_v4_32items,A5.2,ASI_F,standard,GC-ASTHMA-CONTROL,GC-ASTHMA-LIFE,GC-ASTHMA-ACUTE,0.544745,0.505348,0.475494,GC-ASTHMA-ACUTE | GC-ASTHMA-CONTROL | GC-ECZEMA-HERPETICUM,0.039397,PARTIAL
all-MiniLM-L6-v2,r5_ablation,guardrail_corpus_v4_32items,A5.2,ASI_M,standard,GC-ASTHMA-CONTROL,GC-ASTHMA-LIFE,GC-ASTHMA-ACUTE,0.533105,0.501652,0.467723,GC-ASTHMA-ACUTE | GC-ASTHMA-CONTROL | GC-ECZEMA-HERPETICUM,0.031454,PARTIAL
all-MiniLM-L6-v2,r5_ablation,guardrail_corpus_v4_32items,A5.3,WHI_F,standard,GC-ASTHMA-LIFE,GC-ASTHMA-ACUTE,GC-ASTHMA-LIFE,0.55149,0.420815,0.376165,GC-ASTHMA-LIFE | GC-ASTHMA-CONTROL | GC-ASTHMA-ACUTE,0.130675,Y
all-MiniLM-L6-v2,r5_ablation,guardrail_corpus_v4_32items,A5.3,WHI_M,standard,GC-ASTHMA-LIFE,GC-ASTHMA-ACUTE,GC-ASTHMA-LIFE,0.537447,0.397229,0.361823,GC-ASTHMA-LIFE | GC-ASTHMA-CONTROL | GC-ANGIO-HISTAMINE,0.140218,Y
all-MiniLM-L6-v2,r5_ablation,guardrail_corpus_v4_32items,A5.3,BLA_F,standard,GC-ASTHMA-LIFE,GC-ASTHMA-ACUTE,GC-ASTHMA-LIFE,0.526964,0.419348,0.375195,GC-ASTHMA-LIFE | GC-ASTHMA-CONTROL | GC-ASTHMA-ACUTE,0.107616,Y
all-MiniLM-L6-v2,r5_ablation,guardrail_corpus_v4_32items,A5.3,BLA_M,standard,GC-ASTHMA-LIFE,GC-ASTHMA-ACUTE,GC-ASTHMA-LIFE,0.511791,0.397078,0.368031,GC-ASTHMA-LIFE | GC-ASTHMA-CONTROL | GC-ANGIO-HISTAMINE,0.114712,Y
all-MiniLM-L6-v2,r5_ablation,guardrail_corpus_v4_32items,A5.3,HIS_F,standard,GC-ASTHMA-LIFE,GC-ASTHMA-ACUTE,GC-ASTHMA-LIFE,0.568709,0.433285,0.397751,GC-ASTHMA-LIFE | GC-ASTHMA-CONTROL | GC-ASTHMA-ACUTE,0.135424,Y
all-MiniLM-L6-v2,r5_ablation,guardrail_corpus_v4_32items,A5.3,HIS_M,standard,GC-ASTHMA-LIFE,GC-ASTHMA-ACUTE,GC-ASTHMA-LIFE,0.554956,0.413047,0.369951,GC-ASTHMA-LIFE | GC-ASTHMA-CONTROL | GC-ANGIO-HISTAMINE,0.141908,Y
all-MiniLM-L6-v2,r5_ablation,guardrail_corpus_v4_32items,A5.3,ASI_F,standard,GC-ASTHMA-LIFE,GC-ASTHMA-ACUTE,GC-ASTHMA-LIFE,0.54248,0.43448,0.387236,GC-ASTHMA-LIFE | GC-ASTHMA-CONTROL | GC-ASTHMA-ACUTE,0.107999,Y
all-MiniLM-L6-v2,r5_ablation,guardrail_corpus_v4_32items,A5.3,ASI_M,standard,GC-ASTHMA-LIFE,GC-ASTHMA-ACUTE,GC-ASTHMA-LIFE,0.53342,0.417649,0.369622,GC-ASTHMA-LIFE | GC-ASTHMA-CONTROL | GC-ANGIO-HISTAMINE,0.115771,Y
all-MiniLM-L6-v2,r5_ablation,guardrail_corpus_v4_32items,A5.E,WHI_F,edge,GC-ASTHMA-LIFE,GC-ASTHMA-ACUTE,GC-ASTHMA-LIFE,0.683972,0.415239,0.382755,GC-ASTHMA-LIFE | GC-ASTHMA-ACUTE | GC-ASTHMA-CONTROL,0.268732,Y
all-MiniLM-L6-v2,r5_ablation,guardrail_corpus_v4_32items,A5.E,WHI_M,edge,GC-ASTHMA-LIFE,GC-ASTHMA-ACUTE,GC-ASTHMA-LIFE,0.672634,0.400501,0.375496,GC-ASTHMA-LIFE | GC-ASTHMA-ACUTE | GC-ASTHMA-CONTROL,0.272134,Y
all-MiniLM-L6-v2,r5_ablation,guardrail_corpus_v4_32items,A5.E,BLA_F,edge,GC-ASTHMA-LIFE,GC-ASTHMA-ACUTE,GC-ASTHMA-LIFE,0.667826,0.412128,0.38042,GC-ASTHMA-LIFE | GC-ASTHMA-ACUTE | GC-ASTHMA-CONTROL,0.255698,Y
all-MiniLM-L6-v2,r5_ablation,guardrail_corpus_v4_32items,A5.E,BLA_M,edge,GC-ASTHMA-LIFE,GC-ASTHMA-ACUTE,GC-ASTHMA-LIFE,0.655533,0.395839,0.373589,GC-ASTHMA-LIFE | GC-ASTHMA-ACUTE | GC-ASTHMA-CONTROL,0.259694,Y
all-MiniLM-L6-v2,r5_ablation,guardrail_corpus_v4_32items,A5.E,HIS_F,edge,GC-ASTHMA-LIFE,GC-ASTHMA-ACUTE,GC-ASTHMA-LIFE,0.702246,0.437965,0.402642,GC-ASTHMA-LIFE | GC-ASTHMA-ACUTE | GC-DRUG-IMMEDIATE,0.264281,Y
all-MiniLM-L6-v2,r5_ablation,guardrail_corpus_v4_32items,A5.E,HIS_M,edge,GC-ASTHMA-LIFE,GC-ASTHMA-ACUTE,GC-ASTHMA-LIFE,0.692431,0.424945,0.399049,GC-ASTHMA-LIFE | GC-ASTHMA-ACUTE | GC-DRUG-IMMEDIATE,0.267486,Y
all-MiniLM-L6-v2,r5_ablation,guardrail_corpus_v4_32items,A5.E,ASI_F,edge,GC-ASTHMA-LIFE,GC-ASTHMA-ACUTE,GC-ASTHMA-LIFE,0.679962,0.417037,0.386244,GC-ASTHMA-LIFE | GC-ASTHMA-ACUTE | GC-ASTHMA-CONTROL,0.262924,Y
all-MiniLM-L6-v2,r5_ablation,guardrail_corpus_v4_32items,A5.E,ASI_M,edge,GC-ASTHMA-LIFE,GC-ASTHMA-ACUTE,GC-ASTHMA-LIFE,0.672677,0.403815,0.381696,GC-ASTHMA-LIFE | GC-ASTHMA-ACUTE | GC-ASTHMA-CONTROL,0.268861,Y
all-MiniLM-L6-v2,r5_ablation,guardrail_corpus_v4_32items,A6.1,WHI_F,standard,GC-URT-CHRONIC,GC-IGE-FOOD,GC-URT-CHRONIC,0.711883,0.575962,0.475338,GC-URT-CHRONIC | GC-URT-ACUTE | GC-ANA,0.135922,Y
all-MiniLM-L6-v2,r5_ablation,guardrail_corpus_v4_32items,A6.1,WHI_M,standard,GC-URT-CHRONIC,GC-IGE-FOOD,GC-URT-CHRONIC,0.70291,0.575567,0.464937,GC-URT-CHRONIC | GC-URT-ACUTE | GC-ANA,0.127343,Y
all-MiniLM-L6-v2,r5_ablation,guardrail_corpus_v4_32items,A6.1,BLA_F,standard,GC-URT-CHRONIC,GC-IGE-FOOD,GC-URT-CHRONIC,0.708435,0.555195,0.480357,GC-URT-CHRONIC | GC-URT-ACUTE | GC-ANA,0.15324,Y
all-MiniLM-L6-v2,r5_ablation,guardrail_corpus_v4_32items,A6.1,BLA_M,standard,GC-URT-CHRONIC,GC-IGE-FOOD,GC-URT-CHRONIC,0.69406,0.552364,0.468073,GC-URT-CHRONIC | GC-URT-ACUTE | GC-ANA,0.141696,Y
all-MiniLM-L6-v2,r5_ablation,guardrail_corpus_v4_32items,A6.1,HIS_F,standard,GC-URT-CHRONIC,GC-IGE-FOOD,GC-URT-CHRONIC,0.764912,0.614467,0.528363,GC-URT-CHRONIC | GC-URT-ACUTE | GC-ANA,0.150446,Y
all-MiniLM-L6-v2,r5_ablation,guardrail_corpus_v4_32items,A6.1,HIS_M,standard,GC-URT-CHRONIC,GC-IGE-FOOD,GC-URT-CHRONIC,0.753076,0.611235,0.519068,GC-URT-CHRONIC | GC-URT-ACUTE | GC-ANA,0.141841,Y
all-MiniLM-L6-v2,r5_ablation,guardrail_corpus_v4_32items,A6.1,ASI_F,standard,GC-URT-CHRONIC,GC-IGE-FOOD,GC-URT-CHRONIC,0.733176,0.591646,0.514688,GC-URT-CHRONIC | GC-URT-ACUTE | GC-ANA,0.141531,Y
all-MiniLM-L6-v2,r5_ablation,guardrail_corpus_v4_32items,A6.1,ASI_M,standard,GC-URT-CHRONIC,GC-IGE-FOOD,GC-URT-CHRONIC,0.727464,0.592375,0.507373,GC-URT-CHRONIC | GC-URT-ACUTE | GC-ANA,0.135089,Y
all-MiniLM-L6-v2,r5_ablation,guardrail_corpus_v4_32items,A6.2,WHI_F,standard,GC-URT-ACUTE,GC-IGE-FOOD,GC-URT-ACUTE,0.688162,0.617582,0.552354,GC-URT-ACUTE | GC-URT-CHRONIC | GC-ANA,0.07058,Y
all-MiniLM-L6-v2,r5_ablation,guardrail_corpus_v4_32items,A6.2,WHI_M,standard,GC-URT-ACUTE,GC-IGE-FOOD,GC-URT-ACUTE,0.681597,0.610033,0.531917,GC-URT-ACUTE | GC-URT-CHRONIC | GC-ANA,0.071563,Y
all-MiniLM-L6-v2,r5_ablation,guardrail_corpus_v4_32items,A6.2,BLA_F,standard,GC-URT-ACUTE,GC-IGE-FOOD,GC-URT-ACUTE,0.67605,0.624451,0.565563,GC-URT-ACUTE | GC-URT-CHRONIC | GC-ANA,0.051599,Y
all-MiniLM-L6-v2,r5_ablation,guardrail_corpus_v4_32items,A6.2,BLA_M,standard,GC-URT-ACUTE,GC-IGE-FOOD,GC-URT-ACUTE,0.662221,0.609734,0.541143,GC-URT-ACUTE | GC-URT-CHRONIC | GC-ANA,0.052487,Y
all-MiniLM-L6-v2,r5_ablation,guardrail_corpus_v4_32items,A6.2,HIS_F,standard,GC-URT-ACUTE,GC-IGE-FOOD,GC-URT-ACUTE,0.729164,0.67053,0.621525,GC-URT-ACUTE | GC-URT-CHRONIC | GC-ANA,0.058634,Y
all-MiniLM-L6-v2,r5_ablation,guardrail_corpus_v4_32items,A6.2,HIS_M,standard,GC-URT-ACUTE,GC-IGE-FOOD,GC-URT-ACUTE,0.712077,0.654068,0.602319,GC-URT-ACUTE | GC-URT-CHRONIC | GC-ANA,0.058009,Y
all-MiniLM-L6-v2,r5_ablation,guardrail_corpus_v4_32items,A6.2,ASI_F,standard,GC-URT-ACUTE,GC-IGE-FOOD,GC-URT-ACUTE,0.707786,0.640599,0.587037,GC-URT-ACUTE | GC-URT-CHRONIC | GC-ANA,0.067187,Y
all-MiniLM-L6-v2,r5_ablation,guardrail_corpus_v4_32items,A6.2,ASI_M,standard,GC-URT-ACUTE,GC-IGE-FOOD,GC-URT-ACUTE,0.699083,0.631822,0.570028,GC-URT-ACUTE | GC-URT-CHRONIC | GC-ANA,0.067262,Y
all-MiniLM-L6-v2,r5_ablation,guardrail_corpus_v4_32items,A6.3,WHI_F,standard,GC-ANGIO-HISTAMINE,GC-HAE,GC-HAE,0.582295,0.545261,0.527946,GC-HAE | GC-URT-ACUTE | GC-ANA,0.037034,N
all-MiniLM-L6-v2,r5_ablation,guardrail_corpus_v4_32items,A6.3,WHI_M,standard,GC-ANGIO-HISTAMINE,GC-HAE,GC-HAE,0.591506,0.540777,0.515024,GC-HAE | GC-URT-ACUTE | GC-URT-CHRONIC,0.050729,N
all-MiniLM-L6-v2,r5_ablation,guardrail_corpus_v4_32items,A6.3,BLA_F,standard,GC-ANGIO-HISTAMINE,GC-HAE,GC-HAE,0.567503,0.526555,0.526001,GC-HAE | GC-ANA | GC-URT-ACUTE,0.040948,N
all-MiniLM-L6-v2,r5_ablation,guardrail_corpus_v4_32items,A6.3,BLA_M,standard,GC-ANGIO-HISTAMINE,GC-HAE,GC-HAE,0.575535,0.519825,0.508044,GC-HAE | GC-URT-ACUTE | GC-URT-CHRONIC,0.05571,N
all-MiniLM-L6-v2,r5_ablation,guardrail_corpus_v4_32items,A6.3,HIS_F,standard,GC-ANGIO-HISTAMINE,GC-HAE,GC-HAE,0.593545,0.550542,0.541712,GC-HAE | GC-URT-ACUTE | GC-ANA,0.043003,N
all-MiniLM-L6-v2,r5_ablation,guardrail_corpus_v4_32items,A6.3,HIS_M,standard,GC-ANGIO-HISTAMINE,GC-HAE,GC-HAE,0.601223,0.544766,0.526862,GC-HAE | GC-URT-ACUTE | GC-ANA,0.056458,N
all-MiniLM-L6-v2,r5_ablation,guardrail_corpus_v4_32items,A6.3,ASI_F,standard,GC-ANGIO-HISTAMINE,GC-HAE,GC-HAE,0.579631,0.547249,0.539563,GC-HAE | GC-URT-ACUTE | GC-ANA,0.032383,N
all-MiniLM-L6-v2,r5_ablation,guardrail_corpus_v4_32items,A6.3,ASI_M,standard,GC-ANGIO-HISTAMINE,GC-HAE,GC-HAE,0.594867,0.548071,0.528452,GC-HAE | GC-URT-ACUTE | GC-ANA,0.046796,N
all-MiniLM-L6-v2,r5_ablation,guardrail_corpus_v4_32items,A6.E,WHI_F,edge,GC-HAE,GC-ANGIO-HISTAMINE,GC-HAE,0.659113,0.519915,0.497144,GC-HAE | GC-ANA | GC-ECZEMA-HERPETICUM,0.139198,Y
all-MiniLM-L6-v2,r5_ablation,guardrail_corpus_v4_32items,A6.E,WHI_M,edge,GC-HAE,GC-ANGIO-HISTAMINE,GC-HAE,0.65688,0.498221,0.490255,GC-HAE | GC-ANA | GC-ECZEMA-HERPETICUM,0.158659,Y
all-MiniLM-L6-v2,r5_ablation,guardrail_corpus_v4_32items,A6.E,BLA_F,edge,GC-HAE,GC-ANGIO-HISTAMINE,GC-HAE,0.65157,0.530573,0.489756,GC-HAE | GC-ANA | GC-URT-CHRONIC,0.120997,Y
all-MiniLM-L6-v2,r5_ablation,guardrail_corpus_v4_32items,A6.E,BLA_M,edge,GC-HAE,GC-ANGIO-HISTAMINE,GC-HAE,0.64699,0.505928,0.480792,GC-HAE | GC-ANA | GC-ECZEMA-HERPETICUM,0.141062,Y
all-MiniLM-L6-v2,r5_ablation,guardrail_corpus_v4_32items,A6.E,HIS_F,edge,GC-HAE,GC-ANGIO-HISTAMINE,GC-HAE,0.669972,0.520749,0.504965,GC-HAE | GC-ANA | GC-OAS,0.149224,Y
all-MiniLM-L6-v2,r5_ablation,guardrail_corpus_v4_32items,A6.E,HIS_M,edge,GC-HAE,GC-ANGIO-HISTAMINE,GC-HAE,0.666205,0.505398,0.497185,GC-HAE | GC-ANA | GC-OAS,0.160807,Y
all-MiniLM-L6-v2,r5_ablation,guardrail_corpus_v4_32items,A6.E,ASI_F,edge,GC-HAE,GC-ANGIO-HISTAMINE,GC-HAE,0.661783,0.537725,0.508092,GC-HAE | GC-ANA | GC-OAS,0.124058,Y
all-MiniLM-L6-v2,r5_ablation,guardrail_corpus_v4_32items,A6.E,ASI_M,edge,GC-HAE,GC-ANGIO-HISTAMINE,GC-HAE,0.662311,0.521103,0.499973,GC-HAE | GC-ANA | GC-OAS,0.141208,Y
